College Name	City	State	SAT	ACT	price-without-aid	price-with-avg-grant	students-with-need-who-get-grants	Average-Student-Debt	Early-career-earnings
Princeton University	Princeton	 NJ	1500	34	"$67,700 "	"$19,000 "	100%	"$7,500 "	"$69,800 "
University of California-San Diego	La Jolla	 CA	1310	30	"$32,900 "	"$15,900 "	95%	"$18,500 "	"$58,600 "
University of California-Irvine	Irvine	 CA	1200	27	"$34,700 "	"$14,800 "	96%	"$17,000 "	"$54,900 "
University of California-Los Angeles	Los Angeles	 CA	1320	31	"$34,700 "	"$15,300 "	96%	"$16,300 "	"$57,500 "
Stanford University	Stanford	 CA	1480	33	"$70,800 "	"$17,900 "	98%	"$12,500 "	"$73,300 "
Massachusetts Institute of Technology	Cambridge	 MA	1530	34	"$69,000 "	"$23,200 "	96%	"$17,300 "	"$81,500 "
University of California-Berkeley	Berkeley	 CA	1410	33	"$37,900 "	"$18,400 "	99%	"$14,200 "	"$65,400 "
CUNY Bernard M Baruch College	New York	 NY	1240	NA	"$32,500 "	"$10,200 "	89%	"$10,800 "	"$54,500 "
University of Michigan-Ann Arbor	Ann Arbor	 MI	1410	31	"$30,200 "	"$17,300 "	82%	"$20,100 "	"$59,300 "
University of Virginia-Main Campus	Charlottesville	 VA	1350	31	"$33,000 "	"$17,100 "	84%	"$19,500 "	"$59,500 "
University of California-Davis	Davis	 CA	1190	28	"$36,600 "	"$17,200 "	96%	"$14,700 "	"$56,700 "
California Institute of Technology	Pasadena	 CA	1560	35	"$70,600 "	"$28,800 "	100%	"$14,400 "	"$78,800 "
Rice University	Houston	 TX	1490	34	"$64,700 "	"$23,700 "	98%	"$10,200 "	"$65,700 "
University of Pennsylvania	Philadelphia	 PA	1480	34	"$73,400 "	"$24,600 "	99%	"$20,600 "	"$68,100 "
Yale University	New Haven	 CT	1510	34	"$73,000 "	"$19,700 "	100%	"$13,500 "	"$66,800 "
Harvard University	Cambridge	 MA	1520	34	"$71,300 "	"$17,400 "	100%	"$6,500 "	"$69,200 "
Texas A & M University-College Station	College Station	 TX	1190	27	"$29,200 "	"$16,600 "	82%	"$18,800 "	"$57,200 "
Vanderbilt University	Nashville	 TN	1510	34	"$69,000 "	"$24,900 "	92%	"$14,000 "	"$61,100 "
Georgia Institute of Technology-Main Campus	Atlanta	 GA	1410	32	"$29,500 "	"$14,300 "	87%	"$24,000 "	"$68,100 "
University of Washington-Seattle Campus	Seattle	 WA	1250	29	"$27,200 "	"$10,800 "	77%	"$15,000 "	"$57,300 "
Massachusetts Maritime Academy	Buzzards Bay	 MA	1050	23	"$26,300 "	"$15,100 "	71%	"$27,000 "	"$63,100 "
California State University-Long Beach	Long Beach	 CA	1050	23	"$24,600 "	"$10,600 "	80%	"$15,000 "	"$49,200 "
University of Florida	Gainesville	 FL	1280	29	"$21,600 "	"$15,800 "	65%	"$15,800 "	"$52,200 "
Washington and Lee University	Lexington	 VA	1390	32	"$67,500 "	"$25,600 "	100%	"$21,500 "	"$59,700 "
University of Illinois at Urbana-Champaign	Champaign	 IL	1380	29	"$30,800 "	"$17,900 "	64%	"$20,500 "	"$58,600 "
SUNY at Binghamton	Vestal	 NY	1320	30	"$26,700 "	"$17,800 "	83%	"$19,500 "	"$56,400 "
The University of Texas at Austin	Austin	 TX	1280	29	"$26,100 "	"$17,200 "	80%	"$22,300 "	"$56,900 "
University of Maryland-College Park	College Park	 MD	1320	31	"$27,100 "	"$16,900 "	78%	"$19,500 "	"$57,600 "
Virginia Polytechnic Institute and State University	Blacksburg	 VA	1210	NA	"$26,900 "	"$18,500 "	71%	"$24,000 "	"$58,600 "
University of Notre Dame	Notre Dame	 IN	1450	34	"$71,100 "	"$28,700 "	97%	"$21,500 "	"$62,500 "
North Carolina State University at Raleigh	Raleigh	 NC	1260	29	"$24,300 "	"$14,000 "	90%	"$20,800 "	"$53,800 "
University of California-Riverside	Riverside	 CA	1070	24	"$35,500 "	"$13,800 "	96%	"$19,100 "	"$51,600 "
Duke University	Durham	 NC	1480	33	"$73,500 "	"$21,400 "	96%	"$7,500 "	"$65,300 "
Stony Brook University	Stony Brook	 NY	1260	29	"$26,100 "	"$14,600 "	84%	"$19,000 "	"$54,300 "
The College of New Jersey	Ewing	 NJ	1200	28	"$35,300 "	"$24,100 "	39%	"$23,300 "	"$54,400 "
Williams College	Williamstown	 MA	1440	33	"$72,300 "	"$19,500 "	100%	"$14,600 "	"$62,000 "
University of Chicago	Chicago	 IL	1530	34	"$77,600 "	"$33,400 "	98%	"$14,500 "	"$58,100 "
University of California-Santa Barbara	Santa Barbara	 CA	1260	30	"$37,000 "	"$16,300 "	93%	"$16,500 "	"$54,900 "
James Madison University	Harrisonburg	 VA	1130	25	"$26,700 "	"$17,500 "	51%	"$20,900 "	"$53,400 "
Purdue University-Main Campus	West Lafayette	 IN	1200	28	"$23,400 "	"$12,600 "	64%	"$21,500 "	"$58,000 "
Michigan State University	East Lansing	 MI	1130	27	"$29,200 "	"$16,100 "	74%	"$25,500 "	"$51,800 "
College of the Holy Cross	Worcester	 MA	1290	29	"$67,800 "	"$29,000 "	82%	"$27,500 "	"$56,000 "
Swarthmore College	Swarthmore	 PA	1420	32	"$70,500 "	"$21,100 "	100%	"$19,500 "	"$60,000 "
Dartmouth College	Hanover	 NH	1460	32	"$73,600 "	"$22,700 "	96%	"$13,500 "	"$66,300 "
California State University-Dominguez Hills	Carson	 CA	850	17	"$22,900 "	"$3,500 "	86%	"$14,000 "	"$46,200 "
Georgetown University	Washington	 DC	1420	32	"$73,300 "	"$28,600 "	88%	"$15,500 "	"$61,400 "
California State Polytechnic University-Pomona	Pomona	 CA	1030	24	"$26,700 "	"$13,500 "	79%	"$19,000 "	"$53,600 "
University of Wisconsin-Madison	Madison	 WI	1310	29	"$26,300 "	"$17,000 "	77%	"$22,300 "	"$53,400 "
California State University-Stanislaus	Turlock	 CA	910	19	"$21,000 "	"$8,100 "	87%	"$15,000 "	"$47,000 "
University of Connecticut	Storrs	 CT	1230	29	"$31,800 "	"$20,500 "	72%	"$21,500 "	"$55,400 "
California State University-Los Angeles	Los Angeles	 CA	880	18	"$25,400 "	"$4,200 "	95%	"$12,900 "	"$47,100 "
Bates College	Lewiston	 ME	NA	NA	"$70,500 "	"$25,800 "	100%	"$14,500 "	"$55,800 "
Union College	Schenectady	 NY	NA	NA	"$70,300 "	"$41,500 "	94%	"$27,000 "	"$58,500 "
Barnard College	New York	 NY	1370	31	"$73,000 "	"$24,500 "	99%	"$17,800 "	"$53,500 "
Colgate University	Hamilton	 NY	1380	32	"$71,500 "	"$24,100 "	99%	"$16,100 "	"$61,400 "
Columbia University in the City of New York	New York	 NY	1500	34	"$76,000 "	"$24,700 "	99%	"$21,500 "	"$66,000 "
College of William and Mary	Williamsburg	 VA	1360	31	"$38,300 "	"$18,000 "	86%	"$19,500 "	"$54,400 "
University of North Carolina at Chapel Hill	Chapel Hill	 NC	1320	31	"$26,200 "	"$10,800 "	88%	"$16,500 "	"$51,200 "
Brown University	Providence	 RI	1470	33	"$72,800 "	"$27,100 "	94%	"$15,000 "	"$63,000 "
Boston College	Chestnut Hill	 MA	1360	32	"$72,300 "	"$29,200 "	88%	"$19,000 "	"$59,200 "
San Jose State University	San Jose	 CA	1040	23	"$28,800 "	"$14,800 "	93%	"$15,000 "	"$58,500 "
California State University-Chico	Chico	 CA	990	22	"$25,000 "	"$14,700 "	78%	"$17,000 "	"$52,700 "
Virginia Military Institute	Lexington	 VA	1150	26	"$31,300 "	"$17,400 "	81%	"$25,000 "	"$62,200 "
California Polytechnic State University-San Luis Obispo	San Luis Obispo	 CA	1260	29	"$27,800 "	"$19,900 "	88%	"$18,700 "	"$61,100 "
Rutgers University-New Brunswick	New Brunswick	 NJ	1230	NA	"$32,300 "	"$16,800 "	70%	"$22,200 "	"$55,800 "
California State University-Fresno	Fresno	 CA	910	19	"$20,900 "	"$6,600 "	88%	"$15,000 "	"$47,800 "
California State University-San Bernardino	San Bernardino	 CA	880	18	"$24,800 "	"$6,900 "	89%	"$16,500 "	"$45,500 "
University of Delaware	Newark	 DE	1170	26	"$28,500 "	"$17,100 "	83%	"$24,200 "	"$54,300 "
Babson College	Wellesley	 MA	1270	29	"$70,100 "	"$29,500 "	95%	"$26,000 "	"$66,600 "
Amherst College	Amherst	 MA	1460	33	"$73,000 "	"$20,500 "	100%	"$13,000 "	"$60,200 "
Pomona College	Claremont	 CA	1440	33	"$71,400 "	"$19,500 "	100%	"$11,000 "	"$57,500 "
Clemson University	Clemson	 SC	1250	29	"$30,300 "	"$19,100 "	82%	"$21,500 "	"$54,300 "
Davidson College	Davidson	 NC	1350	31	"$68,300 "	"$30,000 "	98%	"$17,000 "	"$53,100 "
Haverford College	Haverford	 PA	1420	33	"$73,300 "	"$22,700 "	100%	"$13,000 "	"$54,700 "
SUNY College of Environmental Science and Forestry	Syracuse	 NY	1170	25	"$28,000 "	"$19,400 "	99%	"$19,800 "	"$49,700 "
Hamilton College	Clinton	 NY	1390	32	"$69,300 "	"$26,200 "	100%	"$15,800 "	"$58,600 "
University of Minnesota-Twin Cities	Minneapolis	 MN	1320	29	"$28,100 "	"$17,400 "	84%	"$20,200 "	"$53,400 "
Bowdoin College	Brunswick	 ME	NA	NA	"$69,700 "	"$26,700 "	100%	"$18,800 "	"$55,500 "
San Diego State University	San Diego	 CA	1110	26	"$28,900 "	"$15,400 "	80%	"$15,300 "	"$51,100 "
Saint Johns University	Collegeville	 MN	1040	25	"$57,200 "	"$27,500 "	98%	"$27,000 "	"$54,700 "
CUNY Queens College	Queens	 NY	1090	NA	"$29,000 "	"$9,300 "	86%	"$11,000 "	"$48,700 "
Lafayette College	Easton	 PA	1300	29	"$70,300 "	"$28,100 "	94%	"$26,000 "	"$61,500 "
Vassar College	Poughkeepsie	 NY	1420	32	"$72,100 "	"$23,600 "	99%	"$15,800 "	"$52,100 "
California State University-Fullerton	Fullerton	 CA	1020	22	"$28,000 "	"$8,800 "	76%	"$15,000 "	"$47,400 "
Bentley University	Waltham	 MA	1180	28	"$67,800 "	"$38,200 "	98%	"$26,500 "	"$62,000 "
Northwestern University	Evanston	 IL	1480	33	"$74,700 "	"$31,500 "	98%	"$19,400 "	"$59,500 "
University of Massachusetts-Amherst	Amherst	 MA	1230	28	"$30,800 "	"$21,600 "	87%	"$24,000 "	"$53,500 "
Iowa State University	Ames	 IA	1130	25	"$21,100 "	"$14,600 "	97%	"$23,900 "	"$52,700 "
California State University-Northridge	Northridge	 CA	920	20	"$22,700 "	"$7,100 "	85%	"$14,200 "	"$47,900 "
Wellesley College	Wellesley	 MA	1410	32	"$70,700 "	"$21,500 "	97%	"$8,900 "	"$53,800 "
Wake Forest University	Winston-Salem	 NC	NA	NA	"$70,800 "	"$25,600 "	96%	"$23,000 "	"$56,000 "
College of Saint Benedict	Saint Joseph	 MN	1010	25	"$58,200 "	"$28,800 "	96%	"$26,300 "	"$46,300 "
Cornell University	Ithaca	 NY	1430	33	"$72,000 "	"$32,200 "	98%	"$12,000 "	"$65,600 "
University of Georgia	Athens	 GA	1240	29	"$27,000 "	"$16,100 "	92%	"$19,100 "	"$50,200 "
Indiana University-Bloomington	Bloomington	 IN	1180	27	"$25,000 "	"$13,600 "	80%	"$22,500 "	"$50,300 "
University of California-Santa Cruz	Santa Cruz	 CA	1180	28	"$36,900 "	"$17,500 "	93%	"$20,000 "	"$53,500 "
George Mason University	Fairfax	 VA	1160	27	"$29,900 "	"$19,400 "	78%	"$19,800 "	"$55,100 "
Citadel Military College of South Carolina	Charleston	 SC	1060	23	"$29,400 "	"$19,800 "	79%	"$23,800 "	"$56,100 "
DePauw University	Greencastle	 IN	1160	27	"$64,100 "	"$33,100 "	100%	"$25,600 "	"$52,300 "
University of New Hampshire-Main Campus	Durham	 NH	1100	25	"$33,800 "	"$24,800 "	71%	"$27,000 "	"$50,600 "
Tufts University	Medford	 MA	1450	33	"$72,300 "	"$30,100 "	93%	"$18,000 "	"$60,400 "
Brigham Young University-Provo	Provo	 UT	1270	29	"$18,800 "	"$13,800 "	80%	"$11,000 "	"$55,400 "
Santa Clara University	Santa Clara	 CA	1300	30	"$71,100 "	"$40,400 "	71%	"$21,500 "	"$63,800 "
University of Richmond	Richmond	 VA	1320	31	"$66,400 "	"$24,100 "	98%	"$21,100 "	"$55,400 "
Johns Hopkins University	Baltimore	 MD	1490	33	"$71,500 "	"$29,400 "	92%	"$15,000 "	"$63,200 "
Claremont McKenna College	Claremont	 CA	1410	32	"$73,500 "	"$32,800 "	98%	"$15,000 "	"$63,500 "
SUNY at Albany	Albany	 NY	1080	24	"$26,300 "	"$16,200 "	83%	"$21,100 "	"$49,300 "
University of Illinois at Chicago	Chicago	 IL	1110	24	"$31,400 "	"$12,400 "	81%	"$18,800 "	"$52,800 "
CUNY John Jay College of Criminal Justice	New York	 NY	980	NA	"$34,700 "	"$9,200 "	78%	"$10,000 "	"$43,100 "
Simmons College	Boston	 MA	1170	27	"$59,600 "	"$32,000 "	100%	"$26,000 "	"$51,300 "
Wesleyan University	Middletown	 CT	NA	NA	"$71,600 "	"$22,000 "	93%	"$17,500 "	"$55,900 "
Michigan Technological University	Houghton	 MI	1200	28	"$29,800 "	"$17,500 "	79%	"$26,900 "	"$63,000 "
University of Southern California	Los Angeles	 CA	1390	32	"$73,900 "	"$35,400 "	91%	"$22,400 "	"$59,400 "
Ramapo College of New Jersey	Mahwah	 NJ	1080	24	"$31,600 "	"$16,800 "	48%	"$22,800 "	"$48,100 "
University of Portland	Portland	 OR	1190	NA	"$60,700 "	"$34,100 "	78%	"$24,300 "	"$55,100 "
Arizona State University-Tempe	Tempe	 AZ	1150	25	"$28,200 "	"$14,000 "	93%	"$20,300 "	"$51,400 "
SUNY Cortland	Cortland	 NY	1070	24	"$25,500 "	"$18,700 "	72%	"$21,500 "	"$43,400 "
Lehigh University	Bethlehem	 PA	1330	31	"$67,500 "	"$29,500 "	98%	"$24,300 "	"$65,400 "
Cooper Union for the Advancement of Science and Art	New York	 NY	1420	31	"$66,600 "	"$37,300 "	100%	"$16,700 "	"$63,900 "
Ohio State University-Main Campus	Columbus	 OH	1290	29	"$27,700 "	"$19,300 "	85%	"$21,500 "	"$51,900 "
California State University Maritime Academy	Vallejo	 CA	NA	NA	"$28,800 "	"$15,700 "	100%	"$25,500 "	"$64,600 "
Florida State University	Tallahassee	 FL	1200	27	"$22,300 "	"$17,700 "	77%	"$20,800 "	"$47,000 "
Northeastern University	Boston	 MA	1420	33	"$69,800 "	"$32,200 "	91%	"$27,900 "	"$58,300 "
Franklin and Marshall College	Lancaster	 PA	NA	NA	"$72,100 "	"$24,900 "	100%	"$22,000 "	"$53,700 "
Bucknell University	Lewisburg	 PA	1290	30	"$71,800 "	"$36,900 "	95%	"$27,000 "	"$62,300 "
CUNY Hunter College	New York	 NY	1160	NA	"$22,600 "	"$11,000 "	86%	"$11,500 "	"$48,700 "
Illinois State University	Normal	 IL	NA	24	"$29,600 "	"$19,800 "	62%	"$22,000 "	"$47,900 "
Emory University	Atlanta	 GA	1400	32	"$68,600 "	"$26,600 "	94%	"$17,200 "	"$56,700 "
Washington University in St Louis	Saint Louis	 MO	1490	33	"$73,700 "	"$30,900 "	97%	"$19,900 "	"$60,100 "
Colby College	Waterville	 ME	1370	32	"$70,200 "	"$22,600 "	100%	"$19,300 "	"$55,200 "
CUNY Lehman College	Bronx	 NY	1000	NA	"$27,800 "	"$6,600 "	90%	"$10,200 "	"$45,300 "
Harvey Mudd College	Claremont	 CA	1500	34	"$76,200 "	"$38,100 "	95%	"$25,500 "	"$81,000 "
St Lawrence University	Canton	 NY	NA	NA	"$69,900 "	"$33,900 "	100%	"$27,000 "	"$52,000 "
Maine Maritime Academy	Castine	 ME	1040	23	"$27,900 "	"$20,600 "	72%	"$27,000 "	"$63,300 "
University of Vermont	Burlington	 VT	1200	28	"$34,100 "	"$19,100 "	93%	"$22,300 "	"$49,500 "
University of Iowa	Iowa City	 IA	1170	26	"$23,100 "	"$15,200 "	73%	"$21,600 "	"$50,700 "
University at Buffalo	Buffalo	 NY	1170	27	"$26,800 "	"$17,200 "	76%	"$19,500 "	"$50,200 "
College of the Ozarks	Point Lookout	 MO	1090	23	"$30,200 "	"$14,300 "	100%	N/A	"$38,300 "
Molloy College	Rockville Centre	 NY	1080	24	"$51,600 "	"$29,900 "	93%	"$27,000 "	"$57,100 "
Colorado School of Mines	Golden	 CO	1340	31	"$34,500 "	"$26,900 "	56%	"$26,000 "	"$71,900 "
College of Mount Saint Vincent	Bronx	 NY	880	20	"$51,200 "	"$18,500 "	94%	"$27,000 "	"$48,000 "
Siena College	Loudonville	 NY	NA	NA	"$55,100 "	"$28,800 "	100%	"$27,000 "	"$50,200 "
Trinity University	San Antonio	 TX	1270	29	"$58,200 "	"$30,700 "	98%	"$25,500 "	"$51,100 "
CUNY Brooklyn College	Brooklyn	 NY	1110	NA	"$22,700 "	"$10,500 "	82%	"$10,400 "	"$48,200 "
Gustavus Adolphus College	Saint Peter	 MN	NA	NA	"$57,100 "	"$26,100 "	99%	"$27,000 "	"$48,200 "
Gettysburg College	Gettysburg	 PA	NA	NA	"$68,300 "	"$37,200 "	95%	"$22,000 "	"$52,600 "
Towson University	Towson	 MD	1070	23	"$26,900 "	"$16,700 "	62%	"$17,800 "	"$48,200 "
Wabash College	Crawfordsville	 IN	1130	26	"$55,900 "	"$26,000 "	99%	"$25,000 "	"$58,900 "
Washington State University	Pullman	 WA	1050	23	"$27,900 "	"$19,100 "	86%	"$20,400 "	"$52,400 "
California State University-Sacramento	Sacramento	 CA	940	20	"$26,400 "	"$9,800 "	95%	"$15,800 "	"$50,900 "
Wheaton College - Illinois	Wheaton	 IL	1290	30	"$48,800 "	"$29,900 "	99%	"$22,500 "	"$49,600 "
St Olaf College	Northfield	 MN	1260	29	"$59,700 "	"$29,300 "	100%	"$27,000 "	"$49,000 "
Stevens Institute of Technology	Hoboken	 NJ	1350	31	"$68,800 "	"$39,900 "	99%	"$28,300 "	"$70,800 "
Villanova University	Villanova	 PA	1320	31	"$69,900 "	"$35,700 "	91%	"$26,500 "	"$61,400 "
Carnegie Mellon University	Pittsburgh	 PA	1470	33	"$71,800 "	"$37,800 "	95%	"$26,300 "	"$70,900 "
Middlebury College	Middlebury	 VT	1390	32	"$71,100 "	"$23,000 "	98%	"$15,900 "	"$56,300 "
Syracuse University	Syracuse	 NY	1190	27	"$67,100 "	"$34,200 "	92%	"$27,000 "	"$53,900 "
The College of Saint Scholastica	Duluth	 MN	1010	24	"$50,300 "	"$24,800 "	74%	"$21,200 "	"$48,300 "
Worcester Polytechnic Institute	Worcester	 MA	NA	NA	"$66,600 "	"$43,700 "	97%	"$27,000 "	"$69,200 "
Fairfield University	Fairfield	 CT	NA	NA	"$65,900 "	"$41,400 "	85%	"$27,000 "	"$57,100 "
Bethel University	Saint Paul	 MN	1130	25	"$51,600 "	"$29,200 "	100%	"$24,400 "	"$47,800 "
Saint Mary's College	Notre Dame	 IN	1070	25	"$56,500 "	"$27,900 "	100%	"$27,000 "	"$47,100 "
McDaniel College	Westminster	 MD	1100	25	"$57,200 "	"$25,000 "	100%	"$27,000 "	"$48,700 "
Montclair State University	Montclair	 NJ	NA	NA	"$31,100 "	"$16,200 "	63%	"$23,000 "	"$47,400 "
Art Center College of Design	Pasadena	 CA	NA	NA	"$61,000 "	"$47,000 "	N/A	"$31,300 "	"$59,200 "
Marquette University	Milwaukee	 WI	1160	27	"$56,600 "	"$36,000 "	98%	"$27,000 "	"$54,300 "
Temple University	Philadelphia	 PA	NA	NA	"$33,200 "	"$22,800 "	84%	"$26,000 "	"$48,800 "
St Catherine University	Saint Paul	 MN	1080	22	"$51,900 "	"$24,200 "	76%	"$28,000 "	"$47,500 "
California State University-East Bay	Hayward	 CA	NA	NA	"$25,700 "	"$11,600 "	94%	"$16,300 "	"$53,900 "
Assumption College	Worcester	 MA	NA	NA	"$55,900 "	"$31,600 "	100%	"$27,000 "	"$50,700 "
SUNY College at Brockport	Brockport	 NY	1020	23	"$24,700 "	"$15,300 "	81%	"$20,800 "	"$43,200 "
Providence College	Providence	 RI	1140	26	"$66,500 "	"$37,800 "	98%	"$27,000 "	"$54,700 "
Lake Forest College	Lake Forest	 IL	NA	NA	"$60,100 "	"$26,300 "	N/A	"$27,000 "	"$51,000 "
Holy Family University	Philadelphia	 PA	930	NA	"$48,000 "	"$16,800 "	94%	"$27,000 "	"$48,300 "
Martin Luther College	New Ulm	 MN	1230	24	"$26,200 "	"$19,600 "	98%	"$23,100 "	"$34,700 "
Touro College	New York	 NY	NA	NA	"$36,000 "	"$20,300 "	95%	"$12,500 "	"$55,700 "
Case Western Reserve University	Cleveland	 OH	1390	32	"$67,000 "	"$35,600 "	97%	"$24,100 "	"$62,400 "
Brandeis University	Waltham	 MA	1380	31	"$72,600 "	"$34,500 "	94%	"$27,000 "	"$55,300 "
MCPHS University	Boston	 MA	1070	24	"$54,600 "	"$40,200 "	93%	"$27,000 "	"$61,700 "
University of Wisconsin-Eau Claire	Eau Claire	 WI	NA	24	"$20,600 "	"$15,200 "	82%	"$23,300 "	"$49,100 "
University of Northern Iowa	Cedar Falls	 IA	1050	23	"$21,800 "	"$15,900 "	56%	"$20,600 "	"$44,900 "
University of Rochester	Rochester	 NY	NA	NA	"$71,800 "	"$36,700 "	100%	"$24,500 "	"$57,500 "
Rowan University	Glassboro	 NJ	1130	25	"$31,800 "	"$19,400 "	55%	"$20,000 "	"$48,400 "
Westfield State University	Westfield	 MA	990	22	"$24,700 "	"$16,700 "	69%	"$22,800 "	"$44,200 "
Boston University	Boston	 MA	1320	30	"$72,000 "	"$33,900 "	99%	"$27,000 "	"$56,100 "
Occidental College	Los Angeles	 CA	1310	30	"$73,500 "	"$34,300 "	99%	"$23,700 "	"$51,800 "
Merrimack College	North Andover	 MA	NA	NA	"$59,300 "	"$35,400 "	99%	"$27,000 "	"$51,900 "
St. Thomas Aquinas College	Sparkill	 NY	940	20	"$48,800 "	"$22,400 "	92%	"$22,500 "	"$46,800 "
University of St Francis	Joliet	 IL	1010	23	"$45,700 "	"$19,300 "	99%	"$25,000 "	"$48,000 "
University of Minnesota-Crookston	Crookston	 MN	950	22	"$24,400 "	"$14,400 "	91%	"$20,500 "	"$46,500 "
University of Scranton	Scranton	 PA	1130	26	"$62,600 "	"$36,200 "	95%	"$27,000 "	"$52,000 "
Dickinson College	Carlisle	 PA	NA	NA	"$70,700 "	"$36,900 "	98%	"$21,000 "	"$52,400 "
College of Saint Elizabeth	Morristown	 NJ	820	19	"$53,300 "	"$19,400 "	N/A	"$25,000 "	"$46,900 "
Clarkson University	Potsdam	 NY	1180	27	"$67,700 "	"$33,500 "	99%	"$27,000 "	"$64,200 "
University of St Thomas	Saint Paul	 MN	1170	27	"$56,000 "	"$33,100 "	98%	"$26,000 "	"$53,400 "
Dordt College	Sioux Center	 IA	1060	25	"$44,900 "	"$25,900 "	100%	"$23,000 "	"$47,200 "
John Carroll University	University Heights	 OH	1100	25	"$57,200 "	"$29,200 "	98%	"$26,900 "	"$47,900 "
New York University	New York	 NY	1370	31	"$73,500 "	"$37,700 "	88%	"$23,300 "	"$58,700 "
New Jersey Institute of Technology	Newark	 NJ	1210	26	"$37,400 "	"$16,500 "	96%	"$23,000 "	"$60,800 "
Missouri University of Science and Technology	Rolla	 MO	1280	28	"$22,500 "	"$14,900 "	92%	"$24,600 "	"$65,200 "
College of Our Lady of the Elms	Chicopee	 MA	950	21	"$52,000 "	"$25,600 "	96%	"$25,000 "	"$46,700 "
Salisbury University	Salisbury	 MD	NA	NA	"$25,700 "	"$19,000 "	78%	"$20,200 "	"$47,600 "
University of Utah	Salt Lake City	 UT	1180	24	"$24,200 "	"$12,200 "	82%	"$15,000 "	"$51,100 "
University of South Florida-Main Campus	Tampa	 FL	1160	26	"$21,900 "	"$12,200 "	84%	"$19,100 "	"$46,400 "
Berea College	Berea	 KY	1110	25	"$36,200 "	"$3,100 "	100%	"$5,800 "	"$39,200 "
Florida International University	Miami	 FL	1120	25	"$24,300 "	"$13,900 "	79%	"$17,200 "	"$46,200 "
Western Washington University	Bellingham	 WA	1110	26	"$24,100 "	"$17,400 "	77%	"$19,400 "	"$50,600 "
University of Wisconsin-La Crosse	La Crosse	 WI	NA	25	"$17,800 "	"$14,200 "	63%	"$23,300 "	"$46,200 "
Fresno Pacific University	Fresno	 CA	960	21	"$44,100 "	"$19,600 "	77%	"$21,500 "	"$42,400 "
University of La Verne	La Verne	 CA	1030	23	"$61,300 "	"$23,900 "	66%	"$25,000 "	"$47,200 "
SUNY College at Geneseo	Geneseo	 NY	1200	27	"$25,700 "	"$18,600 "	79%	"$20,900 "	"$47,800 "
St. Mary's University	San Antonio	 TX	1040	22	"$45,600 "	"$18,100 "	98%	"$27,000 "	"$47,800 "
California State University-Bakersfield	Bakersfield	 CA	NA	NA	"$26,600 "	"$6,600 "	90%	"$13,200 "	"$47,700 "
Kenyon College	Gambier	 OH	1340	31	"$70,800 "	"$30,300 "	99%	"$19,000 "	"$51,700 "
Pepperdine University	Malibu	 CA	1220	29	"$72,600 "	"$42,600 "	98%	"$26,000 "	"$53,100 "
Indiana Wesleyan University-Marion	Marion	 IN	1050	24	"$38,700 "	"$21,000 "	83%	"$24,100 "	"$45,200 "
The University of Texas at Dallas	Richardson	 TX	1260	28	"$28,000 "	"$11,000 "	89%	"$18,800 "	"$53,600 "
Stockton University	Galloway	 NJ	1060	22	"$31,000 "	"$15,400 "	59%	"$21,100 "	"$44,500 "
Mount Saint Mary's University	Los Angeles	 CA	920	20	"$60,800 "	"$29,100 "	80%	"$25,000 "	"$51,400 "
Denison University	Granville	 OH	1290	30	"$66,500 "	"$34,400 "	100%	"$26,000 "	"$51,000 "
Le Moyne College	Syracuse	 NY	1110	25	"$51,200 "	"$25,100 "	100%	"$26,200 "	"$47,300 "
University of Dayton	Dayton	 OH	1130	27	"$59,100 "	"$36,500 "	99%	"$26,000 "	"$53,700 "
University of San Francisco	San Francisco	 CA	1140	26	"$67,600 "	"$37,600 "	84%	"$25,000 "	"$56,800 "
University of Oklahoma-Norman Campus	Norman	 OK	1200	26	"$29,100 "	"$19,300 "	57%	"$20,000 "	"$51,900 "
Duquesne University	Pittsburgh	 PA	1140	27	"$53,400 "	"$31,100 "	97%	"$27,000 "	"$49,600 "
San Francisco State University	San Francisco	 CA	980	21	"$27,400 "	"$14,200 "	89%	"$17,300 "	"$52,900 "
North Dakota State University-Main Campus	Fargo	 ND	1150	24	"$22,000 "	"$15,700 "	58%	"$23,300 "	"$51,400 "
Dominican University of California	San Rafael	 CA	1020	23	"$66,000 "	"$36,900 "	100%	"$27,000 "	"$51,900 "
Rensselaer Polytechnic Institute	Troy	 NY	1380	30	"$71,800 "	"$40,200 "	100%	"$27,500 "	"$67,500 "
Skidmore College	Saratoga Springs	 NY	1230	28	"$71,100 "	"$25,700 "	100%	"$19,500 "	"$51,200 "
Illinois Institute of Technology	Chicago	 IL	1250	29	"$65,300 "	"$27,800 "	99%	"$27,000 "	"$60,600 "
Endicott College	Beverly	 MA	NA	NA	"$51,500 "	"$37,100 "	82%	"$27,000 "	"$47,600 "
University of Evansville	Evansville	 IN	1110	26	"$52,100 "	"$23,700 "	100%	"$27,000 "	"$48,000 "
University of Wisconsin-Platteville	Platteville	 WI	NA	24	"$19,400 "	"$15,400 "	59%	"$24,300 "	"$53,600 "
Canisius College	Buffalo	 NY	1080	25	"$53,400 "	"$22,300 "	99%	"$24,800 "	"$43,800 "
SUNY Maritime College	Throggs Neck	 NY	1120	25	"$25,900 "	"$17,500 "	68%	"$26,500 "	"$71,600 "
Grinnell College	Grinnell	 IA	1430	32	"$67,800 "	"$32,200 "	100%	"$13,200 "	"$48,800 "
Taylor University	Upland	 IN	1100	26	"$46,400 "	"$27,300 "	100%	"$24,000 "	"$44,900 "
Smith College	Northampton	 MA	NA	NA	"$71,200 "	"$26,000 "	98%	"$19,000 "	"$48,800 "
State University of New York at New Paltz	New Paltz	 NY	1110	25	"$24,800 "	"$15,700 "	59%	"$19,000 "	"$44,800 "
Wofford College	Spartanburg	 SC	1160	27	"$59,100 "	"$27,500 "	100%	"$25,700 "	"$47,200 "
Texas Tech University	Lubbock	 TX	1110	25	"$24,200 "	"$16,400 "	86%	"$22,500 "	"$53,400 "
Pennsylvania State University-Main Campus	University Park	 PA	1200	27	"$37,200 "	"$26,900 "	50%	"$26,800 "	"$55,200 "
Carleton College	Northfield	 MN	1430	32	"$70,500 "	"$30,700 "	100%	"$19,500 "	"$53,800 "
Connecticut College	New London	 CT	NA	NA	"$71,100 "	"$29,800 "	94%	"$23,600 "	"$53,200 "
West Chester University of Pennsylvania	West Chester	 PA	1060	23	"$27,400 "	"$20,000 "	58%	"$23,500 "	"$46,700 "
Loyola Marymount University	Los Angeles	 CA	1230	28	"$66,300 "	"$44,000 "	95%	"$21,700 "	"$53,800 "
Hope College	Holland	 MI	1140	26	"$46,500 "	"$29,800 "	87%	"$27,000 "	"$46,200 "
Marist College	Poughkeepsie	 NY	NA	NA	"$56,200 "	"$38,500 "	71%	"$26,000 "	"$51,600 "
SUNY Oneonta	Oneonta	 NY	1070	24	"$24,700 "	"$16,600 "	81%	"$21,500 "	"$44,200 "
Adelphi University	Garden City	 NY	1110	25	"$57,700 "	"$30,200 "	97%	"$25,500 "	"$51,500 "
Saint John Fisher College	Rochester	 NY	1060	24	"$48,900 "	"$29,300 "	100%	"$23,900 "	"$44,000 "
Saint Mary's College of California	Moraga	 CA	1060	25	"$67,100 "	"$38,300 "	98%	"$25,000 "	"$56,000 "
Oklahoma State University-Main Campus	Stillwater	 OK	1090	24	"$24,200 "	"$15,000 "	76%	"$20,500 "	"$49,700 "
Saint Michael's College	Colchester	 VT	NA	NA	"$58,900 "	"$33,600 "	99%	"$28,000 "	"$50,400 "
Loyola University Maryland	Baltimore	 MD	NA	NA	"$66,100 "	"$36,700 "	76%	"$27,000 "	"$55,100 "
Salve Regina University	Newport	 RI	NA	NA	"$58,100 "	"$33,200 "	100%	"$27,000 "	"$49,900 "
University of North Dakota	Grand Forks	 ND	1080	24	"$21,900 "	"$15,800 "	70%	"$24,500 "	"$50,900 "
Concordia University-Saint Paul	Saint Paul	 MN	NA	NA	"$35,300 "	"$20,900 "	93%	"$22,400 "	"$47,200 "
Niagara University	Niagara	 NY	1030	23	"$48,500 "	"$19,900 "	98%	"$25,000 "	"$42,100 "
Rose-Hulman Institute of Technology	Terre Haute	 IN	1320	30	"$66,600 "	"$44,800 "	85%	"$27,000 "	"$71,600 "
Immaculata University	Immaculata	 PA	970	21	"$47,100 "	"$31,600 "	N/A	"$27,000 "	"$47,600 "
Colorado College	Colorado Springs	 CO	NA	NA	"$70,300 "	"$25,600 "	95%	"$20,500 "	"$49,700 "
Lewis University	Romeoville	 IL	1100	24	"$46,500 "	"$21,700 "	95%	"$24,600 "	"$47,400 "
University of Nebraska-Lincoln	Lincoln	 NE	1140	25	"$25,700 "	"$17,700 "	76%	"$21,700 "	"$48,700 "
Manhattan College	Riverdale	 NY	1110	26	"$61,700 "	"$35,000 "	81%	"$26,000 "	"$60,700 "
John Brown University	Siloam Springs	 AR	1130	26	"$39,800 "	"$21,100 "	91%	"$21,900 "	"$44,000 "
Calvin College	Grand Rapids	 MI	1170	26	"$47,900 "	"$27,300 "	99%	"$26,400 "	"$47,000 "
Misericordia University	Dallas	 PA	1050	24	"$48,600 "	"$26,500 "	100%	"$27,000 "	"$45,000 "
St. Joseph's College-New York	Brooklyn	 NY	1010	23	"$35,400 "	"$18,100 "	99%	"$21,500 "	"$43,700 "
Aurora University	Aurora	 IL	950	22	"$37,900 "	"$19,700 "	91%	"$22,300 "	"$44,900 "
Mount Holyoke College	South Hadley	 MA	NA	NA	"$65,400 "	"$29,200 "	99%	"$21,200 "	"$48,800 "
Loras College	Dubuque	 IA	1090	23	"$44,900 "	"$19,300 "	100%	"$27,000 "	"$44,500 "
Louisiana State University and Agricultural & Mechanical College	Baton Rouge	 LA	1130	26	"$30,400 "	"$16,200 "	86%	"$20,900 "	"$51,800 "
Concordia College at Moorhead	Moorhead	 MN	NA	NA	"$50,700 "	"$25,300 "	98%	"$27,000 "	"$44,900 "
Furman University	Greenville	 SC	NA	NA	"$65,200 "	"$33,300 "	100%	"$25,400 "	"$48,100 "
Augustana University	Sioux Falls	 SD	1080	26	"$46,500 "	"$21,400 "	99%	"$27,000 "	"$44,800 "
Saint Joseph's University	Philadelphia	 PA	1140	26	"$62,300 "	"$38,700 "	92%	"$23,000 "	"$53,300 "
Waynesburg University	Waynesburg	 PA	970	22	"$36,900 "	"$19,900 "	98%	"$27,000 "	"$43,700 "
Stonehill College	Easton	 MA	NA	NA	"$61,000 "	"$33,300 "	97%	"$27,000 "	"$51,800 "
Bryant University	Smithfield	 RI	NA	NA	"$61,300 "	"$39,200 "	70%	"$27,000 "	"$56,300 "
Lebanon Valley College	Annville	 PA	1100	25	"$58,800 "	"$28,300 "	99%	"$27,000 "	"$46,100 "
Muhlenberg College	Allentown	 PA	1230	28	"$66,900 "	"$39,400 "	97%	"$26,500 "	"$50,000 "
Keuka College	Keuka Park	 NY	950	21	"$48,600 "	"$25,900 "	82%	"$25,900 "	"$43,300 "
Hobart William Smith Colleges	Geneva	 NY	1260	28	"$71,400 "	"$41,700 "	99%	"$27,000 "	"$52,400 "
George Washington University	Washington	 DC	1290	30	"$71,000 "	"$42,500 "	94%	"$25,000 "	"$56,200 "
Farmingdale State College	Farmingdale	 NY	970	21	"$24,700 "	"$9,300 "	79%	"$16,000 "	"$49,100 "
Drake University	Des Moines	 IA	1200	28	"$55,300 "	"$30,200 "	98%	"$26,000 "	"$49,200 "
Juniata College	Huntingdon	 PA	NA	NA	"$59,600 "	"$30,200 "	98%	"$27,000 "	"$47,600 "
Saint Vincent College	Latrobe	 PA	1050	23	"$50,100 "	"$24,600 "	80%	"$27,000 "	"$46,200 "
Milwaukee School of Engineering	Milwaukee	 WI	1250	28	"$53,300 "	"$25,800 "	100%	"$27,000 "	"$63,400 "
Edgewood College	Madison	 WI	1020	23	"$43,700 "	"$25,900 "	98%	"$25,500 "	"$46,500 "
Seton Hall University	South Orange	 NJ	1160	25	"$58,500 "	"$29,900 "	58%	"$25,000 "	"$53,900 "
Saint Norbert College	De Pere	 WI	1100	25	"$49,300 "	"$26,000 "	97%	"$27,000 "	"$47,800 "
University of Redlands	Redlands	 CA	1090	25	"$68,600 "	"$36,700 "	99%	"$28,500 "	"$50,200 "
Bradley University	Peoria	 IL	1100	25	"$47,800 "	"$28,700 "	96%	"$27,000 "	"$52,000 "
Westminster College - Pennsylvania	New Wilmington	 PA	1050	23	"$50,700 "	"$22,400 "	99%	"$27,000 "	"$44,400 "
California State University-San Marcos	San Marcos	 CA	960	21	"$25,900 "	"$9,600 "	90%	"$18,000 "	"$47,900 "
Ohio Northern University	Ada	 OH	1130	26	"$47,200 "	"$26,100 "	99%	"$27,000 "	"$51,400 "
Centre College	Danville	 KY	1210	29	"$55,200 "	"$27,400 "	99%	"$27,000 "	"$46,700 "
Kansas State University	Manhattan	 KS	NA	NA	"$24,900 "	"$17,600 "	56%	"$22,500 "	"$50,000 "
Gonzaga University	Spokane	 WA	1210	28	"$58,700 "	"$36,100 "	100%	"$26,400 "	"$53,800 "
DePaul University	Chicago	 IL	NA	NA	"$57,600 "	"$34,400 "	86%	"$23,300 "	"$51,500 "
Seattle University	Seattle	 WA	1180	28	"$61,000 "	"$38,300 "	91%	"$24,500 "	"$55,000 "
St Mary's College of Maryland	St. Mary's City	 MD	1130	26	"$30,400 "	"$21,200 "	73%	"$20,400 "	"$50,600 "
University of Mary Washington	Fredericksburg	 VA	1110	25	"$28,100 "	"$22,000 "	64%	"$21,500 "	"$50,600 "
Sonoma State University	Rohnert Park	 CA	980	22	"$26,700 "	"$17,400 "	65%	"$17,500 "	"$50,100 "
Southern Methodist University	Dallas	 TX	1320	30	"$74,100 "	"$40,300 "	73%	"$21,500 "	"$55,000 "
University of Arizona	Tucson	 AZ	NA	NA	"$29,000 "	"$17,700 "	89%	"$19,000 "	"$52,700 "
Colorado State University-Fort Collins	Fort Collins	 CO	1140	26	"$26,600 "	"$17,400 "	68%	"$21,000 "	"$49,900 "
Daemen College	Amherst	 NY	NA	NA	"$44,200 "	"$18,400 "	98%	"$20,400 "	"$43,400 "
Oregon State University	Corvallis	 OR	1120	25	"$26,800 "	"$20,900 "	80%	"$23,500 "	"$52,200 "
Saint Francis University	Loretto	 PA	1060	24	"$53,200 "	"$26,700 "	56%	"$27,000 "	"$44,800 "
Concordia University-Nebraska	Seward	 NE	1000	24	"$43,500 "	"$20,800 "	100%	"$25,300 "	"$38,400 "
Pacific Lutheran University	Tacoma	 WA	1110	25	"$56,100 "	"$27,100 "	99%	"$25,800 "	"$50,000 "
Massachusetts College of Art and Design	Boston	 MA	1070	24	"$30,400 "	"$23,300 "	80%	"$25,300 "	"$46,500 "
University of Miami	Coral Gables	 FL	1300	30	"$67,900 "	"$40,200 "	51%	"$19,800 "	"$52,700 "
Miami University-Oxford	Oxford	 OH	1240	29	"$32,600 "	"$21,700 "	85%	"$24,800 "	"$53,500 "
Louisiana Tech University	Ruston	 LA	1090	24	"$20,900 "	"$10,200 "	92%	"$19,900 "	"$50,300 "
Kean University	Union	 NJ	920	20	"$30,000 "	"$17,400 "	70%	"$25,000 "	"$45,700 "
Bethel College-Indiana	Mishawaka	 IN	1030	23	"$41,700 "	"$21,000 "	N/A	"$26,100 "	"$39,800 "
Augustana College	Rock Island	 IL	NA	NA	"$54,700 "	"$25,300 "	98%	"$27,000 "	"$45,000 "
Spelman College	Atlanta	 GA	1080	24	"$52,900 "	"$34,800 "	79%	"$27,000 "	"$47,500 "
Macalester College	Saint Paul	 MN	1380	31	"$67,900 "	"$30,600 "	99%	"$22,700 "	"$49,500 "
Saint Louis University	Saint Louis	 MO	1220	28	"$58,600 "	"$35,700 "	94%	"$26,000 "	"$51,000 "
Illinois College	Jacksonville	 IL	NA	NA	"$43,900 "	"$19,700 "	100%	"$27,000 "	"$42,800 "
Cedar Crest College	Allentown	 PA	990	22	"$53,400 "	"$20,600 "	100%	"$27,800 "	"$45,200 "
University of Minnesota-Duluth	Duluth	 MN	1090	24	"$25,000 "	"$16,800 "	85%	"$25,000 "	"$49,600 "
Saint Mary's University of Minnesota	Winona	 MN	1010	23	"$46,400 "	"$22,800 "	97%	"$23,300 "	"$48,800 "
Rochester Institute of Technology	Rochester	 NY	1240	29	"$56,000 "	"$31,300 "	95%	"$28,000 "	"$58,400 "
California State University-Channel Islands	Camarillo	 CA	NA	NA	"$29,300 "	"$15,500 "	N/A	"$15,200 "	"$47,700 "
California State University-Monterey Bay	Seaside	 CA	NA	NA	"$23,900 "	"$12,200 "	75%	"$14,000 "	"$46,200 "
Fordham University	Bronx	 NY	1270	29	"$74,000 "	"$40,800 "	96%	"$26,000 "	"$54,400 "
Central Washington University	Ellensburg	 WA	1060	21	"$23,100 "	"$15,100 "	84%	"$20,700 "	"$49,000 "
Clark University	Worcester	 MA	NA	NA	"$56,300 "	"$28,300 "	97%	"$27,000 "	"$47,600 "
Gannon University	Erie	 PA	1030	23	"$47,700 "	"$23,600 "	98%	"$27,000 "	"$48,100 "
Cedarville University	Cedarville	 OH	1200	26	"$40,100 "	"$24,500 "	79%	"$22,500 "	"$48,600 "
Regis University	Denver	 CO	1060	24	"$52,400 "	"$28,500 "	86%	"$22,900 "	"$53,800 "
The University of Findlay	Findlay	 OH	990	23	"$46,700 "	"$21,600 "	100%	"$25,000 "	"$46,500 "
Albion College	Albion	 MI	1050	23	"$58,100 "	"$22,200 "	100%	"$27,200 "	"$48,500 "
Quinnipiac University	Hamden	 CT	1090	25	"$65,300 "	"$40,200 "	97%	"$26,000 "	"$52,400 "
Goshen College	Goshen	 IN	1030	26	"$47,600 "	"$18,700 "	98%	"$20,100 "	"$42,900 "
La Salle University	Philadelphia	 PA	980	22	"$46,600 "	"$28,700 "	97%	"$27,000 "	"$51,100 "
University of Wisconsin-Stout	Menomonie	 WI	NA	22	"$20,200 "	"$15,100 "	72%	"$25,500 "	"$48,000 "
University of South Dakota	Vermillion	 SD	1050	23	"$22,800 "	"$17,700 "	N/A	"$25,000 "	"$45,600 "
Nebraska Wesleyan University	Lincoln	 NE	1090	24	"$47,700 "	"$25,300 "	99%	"$25,000 "	"$43,500 "
Keene State College	Keene	 NH	980	21	"$27,900 "	"$20,000 "	70%	"$26,300 "	"$46,100 "
Mississippi State University	Starkville	 MS	NA	25	"$25,000 "	"$16,800 "	87%	"$23,300 "	"$47,900 "
University of Mount Olive	Mount Olive	 NC	1090	20	"$31,900 "	"$16,200 "	92%	"$28,000 "	"$39,800 "
University of Wyoming	Laramie	 WY	1090	24	"$20,300 "	"$14,100 "	66%	"$18,500 "	"$49,700 "
University of Central Florida	Orlando	 FL	1180	26	"$22,800 "	"$16,700 "	71%	"$18,300 "	"$46,400 "
Messiah College	Mechanicsburg	 PA	1150	26	"$49,100 "	"$29,000 "	99%	"$26,000 "	"$47,600 "
Truman State University	Kirksville	 MO	1200	27	"$21,600 "	"$13,400 "	94%	"$22,700 "	"$45,000 "
SUNY College at Old Westbury	Old Westbury	 NY	970	22	"$23,900 "	"$10,800 "	86%	"$16,200 "	"$45,400 "
University of Rhode Island	Kingston	 RI	1070	25	"$30,200 "	"$19,700 "	86%	"$23,400 "	"$50,900 "
SUNY College at Plattsburgh	Plattsburgh	 NY	1100	23	"$25,200 "	"$15,300 "	86%	"$22,000 "	"$43,400 "
Susquehanna University	Selinsgrove	 PA	NA	NA	"$61,200 "	"$28,500 "	100%	"$27,000 "	"$47,300 "
Monmouth University	West Long Branch	 NJ	1030	23	"$56,200 "	"$31,800 "	57%	"$26,700 "	"$48,400 "
University of Massachusetts-Lowell	Lowell	 MA	1170	27	"$30,600 "	"$19,700 "	88%	"$25,000 "	"$55,400 "
Whitman College	Walla Walla	 WA	1310	30	"$66,100 "	"$36,800 "	100%	"$17,500 "	"$50,000 "
Bryn Mawr College	Bryn Mawr	 PA	1340	30	"$70,100 "	"$34,300 "	98%	"$26,000 "	"$50,200 "
Luther College	Decorah	 IA	1060	26	"$55,300 "	"$27,300 "	100%	"$27,000 "	"$46,400 "
University of Pittsburgh-Pittsburgh Campus	Pittsburgh	 PA	1290	30	"$34,000 "	"$25,300 "	74%	"$26,900 "	"$52,100 "
Allegheny College	Meadville	 PA	NA	NA	"$62,600 "	"$28,500 "	100%	"$29,000 "	"$46,700 "
Trinity Christian College	Palos Heights	 IL	1040	24	"$43,300 "	"$24,400 "	98%	"$24,600 "	"$44,400 "
Mount Mercy University	Cedar Rapids	 IA	NA	21	"$45,800 "	"$21,600 "	98%	"$22,300 "	"$45,800 "
Wheaton College - Massachusetts	Norton	 MA	NA	NA	"$67,400 "	"$35,200 "	99%	"$26,000 "	"$48,900 "
Ursinus College	Collegeville	 PA	NA	NA	"$67,800 "	"$33,900 "	100%	"$27,000 "	"$50,200 "
Wartburg College	Waverly	 IA	990	24	"$53,100 "	"$24,100 "	100%	"$27,000 "	"$46,100 "
Appalachian State University	Boone	 NC	1140	25	"$19,500 "	"$10,900 "	74%	"$20,500 "	"$43,900 "
Illinois Wesleyan University	Bloomington	 IL	1270	27	"$60,200 "	"$33,500 "	100%	"$27,000 "	"$49,000 "
Elon University	Elon	 NC	1190	27	"$50,800 "	"$36,700 "	90%	"$23,300 "	"$49,400 "
Linfield College-McMinnville Campus	McMinnville	 OR	1040	22	"$58,100 "	"$30,500 "	80%	"$25,000 "	"$49,000 "
Scripps College	Claremont	 CA	1370	30	"$72,800 "	"$40,700 "	100%	"$14,000 "	"$51,000 "
Auburn University	Auburn	 AL	1160	27	"$32,000 "	"$23,300 "	72%	"$21,500 "	"$50,700 "
University of Maine	Orono	 ME	1070	24	"$24,800 "	"$16,900 "	87%	"$26,000 "	"$49,000 "
Texas Christian University	Fort Worth	 TX	1180	28	"$64,500 "	"$35,800 "	93%	"$21,500 "	"$52,900 "
SUNY College of Technology at Alfred	Alfred	 NY	950	22	"$25,500 "	"$15,400 "	N/A	"$14,900 "	"$47,900 "
Knox College	Galesburg	 IL	NA	NA	"$57,900 "	"$25,000 "	98%	"$27,000 "	"$45,600 "
University of the Pacific	Stockton	 CA	1170	27	"$66,400 "	"$36,300 "	97%	"$24,600 "	"$55,500 "
Tulane University of Louisiana	New Orleans	 LA	1330	31	"$71,400 "	"$34,900 "	97%	"$27,500 "	"$52,300 "
Yeshiva University	New York	 NY	1230	27	"$62,000 "	"$33,300 "	N/A	"$19,500 "	"$58,900 "
University of Nebraska at Kearney	Kearney	 NE	930	22	"$23,100 "	"$16,700 "	85%	"$21,300 "	"$41,900 "
Beloit College	Beloit	 WI	1220	27	"$60,900 "	"$27,700 "	98%	"$27,000 "	"$45,300 "
Grand Valley State University	Allendale	 MI	1050	24	"$24,800 "	"$17,100 "	84%	"$25,000 "	"$44,500 "
Ithaca College	Ithaca	 NY	NA	NA	"$62,800 "	"$37,600 "	98%	"$25,800 "	"$48,700 "
Kalamazoo College	Kalamazoo	 MI	NA	NA	"$60,700 "	"$30,000 "	99%	"$26,500 "	"$47,400 "
University of San Diego	San Diego	 CA	1210	28	"$67,000 "	"$41,400 "	95%	"$22,900 "	"$54,400 "
Carlow University	Pittsburgh	 PA	970	22	"$44,200 "	"$19,600 "	81%	"$27,000 "	"$41,800 "
Radford University	Radford	 VA	NA	NA	"$23,800 "	"$15,100 "	60%	"$23,000 "	"$46,200 "
Sewanee-The University of the South	Sewanee	 TN	NA	NA	"$62,400 "	"$33,000 "	98%	"$19,000 "	"$46,000 "
Houghton College	Houghton	 NY	1100	25	"$45,500 "	"$23,100 "	100%	"$25,500 "	"$41,000 "
Elmhurst College	Elmhurst	 IL	1040	23	"$51,200 "	"$20,200 "	100%	"$21,500 "	"$46,900 "
Central College	Pella	 IA	1120	24	"$51,800 "	"$24,400 "	100%	"$27,000 "	"$46,200 "
Austin College	Sherman	 TX	1210	26	"$55,100 "	"$24,800 "	100%	"$26,000 "	"$48,200 "
South Dakota State University	Brookings	 SD	1030	23	"$23,400 "	"$23,000 "	50%	"$25,100 "	"$47,900 "
Slippery Rock University of Pennsylvania	Slippery Rock	 PA	1000	21	"$25,000 "	"$18,700 "	65%	"$25,000 "	"$42,900 "
Saint Peter's University	Jersey City	 NJ	930	20	"$55,300 "	"$15,800 "	99%	"$25,000 "	"$50,700 "
University of Wisconsin-Oshkosh	Oshkosh	 WI	NA	22	"$19,500 "	"$14,100 "	57%	"$23,700 "	"$45,300 "
University of North Carolina at Charlotte	Charlotte	 NC	1120	24	"$24,200 "	"$13,000 "	76%	"$23,000 "	"$49,300 "
Lycoming College	Williamsport	 PA	1030	23	"$55,200 "	"$20,900 "	100%	"$27,000 "	"$44,500 "
Augsburg College	Minneapolis	 MN	1060	22	"$52,500 "	"$26,200 "	99%	"$27,000 "	"$47,400 "
Winona State University	Winona	 MN	930	23	"$22,300 "	"$18,400 "	69%	"$24,000 "	"$46,700 "
Tennessee Technological University	Cookeville	 TN	1080	24	"$27,100 "	"$15,800 "	55%	"$16,000 "	"$51,000 "
Madonna University	Livonia	 MI	NA	21	"$35,000 "	"$15,900 "	88%	"$25,000 "	"$43,700 "
Lawrence University	Appleton	 WI	1270	29	"$59,900 "	"$31,400 "	99%	"$27,400 "	"$47,000 "
The New School	New York	 NY	1160	26	"$71,100 "	"$48,900 "	N/A	"$23,900 "	"$50,000 "
California Lutheran University	Thousand Oaks	 CA	1100	25	"$61,300 "	"$31,200 "	99%	"$23,000 "	"$48,000 "
University of South Carolina-Columbia	Columbia	 SC	1210	28	"$27,700 "	"$21,400 "	44%	"$23,300 "	"$46,900 "
University of Missouri-Columbia	Columbia	 MO	1160	26	"$27,200 "	"$17,500 "	80%	"$21,900 "	"$49,100 "
Millikin University	Decatur	 IL	1000	23	"$48,800 "	"$23,600 "	89%	"$27,000 "	"$44,300 "
University of Kansas	Lawrence	 KS	NA	26	"$25,900 "	"$19,300 "	76%	"$20,500 "	"$49,500 "
Tennessee State University	Nashville	 TN	NA	NA	"$21,800 "	"$10,300 "	80%	"$28,000 "	"$46,100 "
University of Idaho	Moscow	 ID	1050	24	"$21,800 "	"$15,900 "	73%	"$24,300 "	"$49,300 "
University of Maryland-Baltimore County	Baltimore	 MD	1220	27	"$28,200 "	"$16,500 "	72%	"$21,200 "	"$54,000 "
St John's University-New York	Queens	 NY	1080	25	"$61,300 "	"$28,500 "	78%	"$26,000 "	"$51,800 "
University of Saint Francis-Fort Wayne	Fort Wayne	 IN	1000	22	"$43,200 "	"$18,300 "	99%	"$25,300 "	"$43,600 "
University of Denver	Denver	 CO	1210	29	"$66,900 "	"$35,400 "	98%	"$23,700 "	"$51,700 "
Drexel University	Philadelphia	 PA	1190	28	"$70,400 "	"$41,900 "	95%	"$26,200 "	"$58,400 "
University of Minnesota-Morris	Morris	 MN	1150	25	"$24,500 "	"$12,400 "	96%	"$19,500 "	"$44,400 "
Bellarmine University	Louisville	 KY	1070	25	"$60,700 "	"$26,600 "	98%	"$25,000 "	"$46,900 "
Wentworth Institute of Technology	Boston	 MA	1120	25	"$55,400 "	"$39,300 "	84%	"$27,000 "	"$59,200 "
East Carolina University	Greenville	 NC	1050	22	"$22,500 "	"$13,800 "	74%	"$24,800 "	"$45,600 "
Cardinal Stritch University	Milwaukee	 WI	1010	20	"$43,700 "	"$18,600 "	94%	"$27,000 "	"$48,000 "
University of Maine at Farmington	Farmington	 ME	NA	NA	"$23,100 "	"$15,400 "	91%	"$27,000 "	"$40,100 "
Westmont College	Santa Barbara	 CA	1160	26	"$62,400 "	"$37,600 "	100%	"$25,100 "	"$50,700 "
Huntington University	Huntington	 IN	1030	22	"$38,200 "	"$23,100 "	77%	"$27,000 "	"$37,700 "
Montana State University	Bozeman	 MT	1130	25	"$21,600 "	"$16,100 "	69%	"$24,000 "	"$50,900 "
Maryville University of Saint Louis	Saint Louis	 MO	1030	25	"$47,200 "	"$28,600 "	97%	"$23,700 "	"$45,100 "
Bay Path University	Longmeadow	 MA	960	22	"$50,500 "	"$23,600 "	100%	"$24,000 "	"$41,800 "
Clarke University	Dubuque	 IA	960	23	"$47,000 "	"$25,500 "	100%	"$26,000 "	"$42,600 "
Mount Vernon Nazarene University	Mount Vernon	 OH	1050	23	"$42,100 "	"$20,700 "	99%	"$26,500 "	"$41,300 "
Moravian College	Bethlehem	 PA	1010	23	"$59,300 "	"$31,400 "	100%	"$27,000 "	"$49,600 "
University of Oregon	Eugene	 OR	1100	25	"$27,500 "	"$16,500 "	73%	"$21,100 "	"$47,600 "
Southwest Minnesota State University	Marshall	 MN	920	21	"$21,300 "	"$15,900 "	71%	"$21,700 "	"$42,300 "
Loyola University Chicago	Chicago	 IL	1150	27	"$61,400 "	"$37,500 "	96%	"$25,000 "	"$49,600 "
Dominican University	River Forest	 IL	1060	23	"$46,100 "	"$19,600 "	99%	"$25,000 "	"$46,600 "
Bloomsburg University of Pennsylvania	Bloomsburg	 PA	970	21	"$24,900 "	"$17,200 "	64%	"$26,000 "	"$46,500 "
Saint Anselm College	Manchester	 NH	1140	26	"$58,200 "	"$34,500 "	100%	"$27,000 "	"$52,500 "
Fitchburg State University	Fitchburg	 MA	990	21	"$24,600 "	"$15,400 "	70%	"$22,700 "	"$45,400 "
Lewis & Clark College	Portland	 OR	1280	29	"$63,600 "	"$38,500 "	99%	"$24,500 "	"$46,800 "
Elizabethtown College	Elizabethtown	 PA	1080	25	"$59,900 "	"$30,600 "	100%	"$27,000 "	"$46,600 "
University of Wisconsin-Whitewater	Whitewater	 WI	1000	23	"$18,200 "	"$13,800 "	62%	"$25,000 "	"$46,100 "
Seattle Pacific University	Seattle	 WA	1110	24	"$57,800 "	"$31,300 "	100%	"$25,600 "	"$49,000 "
Rivier University	Nashua	 NH	NA	NA	"$49,300 "	"$27,000 "	97%	"$25,500 "	"$47,500 "
University of Arkansas	Fayetteville	 AR	1120	26	"$25,500 "	"$16,500 "	76%	"$21,500 "	"$49,100 "
SUNY College at Oswego	Oswego	 NY	1100	25	"$24,700 "	"$17,600 "	87%	"$21,500 "	"$42,800 "
Fairleigh Dickinson University-Metropolitan Campus	Teaneck	 NJ	970	20	"$58,000 "	"$19,300 "	84%	"$26,000 "	"$47,400 "
Rockhurst University	Kansas City	 MO	1080	26	"$52,900 "	"$25,500 "	100%	"$20,500 "	"$51,500 "
University of Detroit Mercy	Detroit	 MI	1120	25	"$58,800 "	"$24,000 "	98%	"$23,500 "	"$50,900 "
University of Colorado Boulder	Boulder	 CO	1190	28	"$30,900 "	"$24,400 "	76%	"$19,500 "	"$53,400 "
Mississippi University for Women	Columbus	 MS	1080	21	"$19,600 "	"$10,800 "	69%	"$15,000 "	"$40,500 "
Pitzer College	Claremont	 CA	NA	NA	"$72,200 "	"$27,400 "	98%	"$15,900 "	"$49,000 "
Rhodes College	Memphis	 TN	1270	29	"$63,000 "	"$32,000 "	100%	"$26,200 "	"$47,900 "
Winston-Salem State University	Winston-Salem	 NC	870	18	"$20,300 "	"$11,100 "	85%	"$25,700 "	"$44,900 "
Presbyterian College	Clinton	 SC	1110	25	"$53,200 "	"$21,200 "	100%	"$26,100 "	"$46,000 "
Transylvania University	Lexington	 KY	NA	NA	"$51,800 "	"$25,400 "	100%	"$27,000 "	"$46,000 "
Northwood University	Midland	 MI	1000	22	"$41,300 "	"$24,200 "	85%	"$21,800 "	"$45,600 "
Rider University	Lawrenceville	 NJ	1010	22	"$61,100 "	"$31,200 "	98%	"$25,800 "	"$48,700 "
Azusa Pacific University	Azusa	 CA	1020	23	"$53,700 "	"$30,600 "	98%	"$22,500 "	"$47,200 "
Worcester State University	Worcester	 MA	1010	24	"$26,300 "	"$16,800 "	81%	"$20,000 "	"$47,600 "
DeSales University	Center Valley	 PA	1060	25	"$53,600 "	"$27,400 "	94%	"$26,000 "	"$47,400 "
University of Northwestern-St Paul	Saint Paul	 MN	1100	24	"$44,400 "	"$25,600 "	97%	"$22,100 "	"$42,900 "
Framingham State University	Framingham	 MA	990	23	"$26,800 "	"$18,300 "	81%	"$24,700 "	"$46,900 "
University of Nevada-Reno	Reno	 NV	1090	24	"$24,800 "	"$16,100 "	77%	"$18,800 "	"$50,300 "
University of Wisconsin-River Falls	River Falls	 WI	NA	23	"$20,400 "	"$15,100 "	57%	"$22,700 "	"$44,400 "
Saint Edward's University	Austin	 TX	1110	25	"$60,100 "	"$26,400 "	90%	"$25,300 "	"$45,600 "
Franklin College	Franklin	 IN	970	22	"$45,400 "	"$23,700 "	100%	"$27,000 "	"$45,100 "
Lincoln Memorial University	Harrogate	 TN	1000	22	"$37,400 "	"$17,500 "	N/A	"$17,000 "	"$41,100 "
University of North Carolina School of the Arts	Winston-Salem	 NC	1140	25	"$22,500 "	"$14,400 "	86%	"$27,000 "	"$44,200 "
Biola University	La Mirada	 CA	1090	24	"$55,800 "	"$34,700 "	98%	"$24,500 "	"$47,000 "
Central Connecticut State University	New Britain	 CT	1000	22	"$25,800 "	"$15,900 "	61%	"$22,500 "	"$49,900 "
Wagner College	Staten Island	 NY	NA	NA	"$63,700 "	"$29,200 "	99%	"$26,400 "	"$53,900 "
American University	Washington	 DC	1250	29	"$65,800 "	"$34,100 "	87%	"$24,300 "	"$51,800 "
Lakeland University	Plymouth	 WI	910	19	"$42,200 "	"$22,800 "	86%	"$25,500 "	"$45,200 "
Marian University - Wisconsin	Fond Du Lac	 WI	NA	20	"$39,900 "	"$23,200 "	98%	"$27,000 "	"$46,100 "
Xavier University	Cincinnati	 OH	1100	26	"$53,600 "	"$29,800 "	67%	"$27,000 "	"$48,600 "
Washington & Jefferson College	Washington	 PA	NA	NA	"$61,600 "	"$29,100 "	85%	"$27,000 "	"$45,800 "
Willamette University	Salem	 OR	NA	NA	"$63,800 "	"$35,000 "	99%	"$26,000 "	"$47,700 "
Longwood University	Farmville	 VA	970	21	"$27,600 "	"$20,200 "	76%	"$25,000 "	"$44,500 "
University of Puget Sound	Tacoma	 WA	NA	NA	"$65,000 "	"$43,400 "	99%	"$27,000 "	"$50,500 "
Otis College of Art and Design	Los Angeles	 CA	NA	NA	"$66,200 "	"$42,300 "	99%	"$27,000 "	"$49,600 "
Iona College	New Rochelle	 NY	1000	23	"$57,200 "	"$29,000 "	41%	"$26,000 "	"$52,000 "
Texas State University	San Marcos	 TX	1030	23	"$23,200 "	"$13,600 "	81%	"$21,300 "	"$46,900 "
MidAmerica Nazarene University	Olathe	 KS	890	22	"$43,100 "	"$19,800 "	96%	"$18,800 "	"$45,700 "
Ball State University	Muncie	 IN	1080	22	"$24,900 "	"$14,400 "	59%	"$25,000 "	"$43,100 "
Unity College	Unity	 ME	NA	NA	"$41,500 "	"$27,000 "	100%	"$27,000 "	"$38,400 "
The Sage Colleges	Troy	 NY	NA	NA	"$46,500 "	"$21,600 "	74%	"$23,300 "	"$43,200 "
Georgian Court University	Lakewood	 NJ	950	20	"$52,200 "	"$24,000 "	97%	"$25,000 "	"$42,700 "
Trinity College	Hartford	 CT	NA	NA	"$73,200 "	"$25,100 "	97%	"$21,000 "	"$55,600 "
William Paterson University of New Jersey	Wayne	 NJ	990	NA	"$29,400 "	"$16,700 "	68%	"$24,500 "	"$47,800 "
Sarah Lawrence College	Bronxville	 NY	1290	29	"$72,000 "	"$35,300 "	97%	"$13,500 "	"$47,600 "
Ripon College	Ripon	 WI	1010	24	"$53,600 "	"$22,400 "	99%	"$28,000 "	"$43,600 "
Felician University	Lodi	 NJ	900	19	"$51,800 "	"$19,000 "	83%	"$25,000 "	"$51,500 "
Catholic University of America	Washington	 DC	NA	NA	"$64,000 "	"$38,700 "	98%	"$26,100 "	"$52,800 "
West Virginia University	Morgantown	 WV	1020	24	"$23,000 "	"$11,600 "	70%	"$24,000 "	"$50,800 "
Emmanuel College	Boston	 MA	1120	25	"$58,200 "	"$34,200 "	100%	"$27,000 "	"$46,700 "
Franciscan University of Steubenville	Steubenville	 OH	1170	25	"$38,700 "	"$28,300 "	99%	"$22,000 "	"$44,400 "
Butler University	Indianapolis	 IN	1160	28	"$58,100 "	"$35,700 "	98%	"$27,000 "	"$48,900 "
Southwestern University	Georgetown	 TX	1170	26	"$55,600 "	"$27,500 "	99%	"$26,900 "	"$50,300 "
Baylor University	Waco	 TX	1220	28	"$61,700 "	"$39,000 "	97%	"$25,000 "	"$51,600 "
Point Loma Nazarene University	San Diego	 CA	1140	26	"$51,000 "	"$32,200 "	94%	"$25,000 "	"$48,300 "
Valparaiso University	Valparaiso	 IN	1100	26	"$54,300 "	"$24,300 "	100%	"$27,000 "	"$50,700 "
University of Tulsa	Tulsa	 OK	1250	30	"$60,900 "	"$29,300 "	36%	"$27,000 "	"$55,800 "
North Central College	Naperville	 IL	1080	25	"$52,500 "	"$26,000 "	100%	"$25,000 "	"$47,200 "
Covenant College	Lookout Mountain	 GA	1180	27	"$47,000 "	"$26,600 "	99%	"$21,500 "	"$41,700 "
Simpson College	Indianola	 IA	1080	24	"$51,400 "	"$25,100 "	98%	"$27,000 "	"$46,500 "
Agnes Scott College	Decatur	 GA	NA	NA	"$55,400 "	"$22,900 "	100%	"$27,000 "	"$42,900 "
SUNY at Fredonia	Fredonia	 NY	1010	25	"$24,200 "	"$17,800 "	74%	"$25,000 "	"$41,800 "
Christopher Newport University	Newport News	 VA	1160	26	"$30,400 "	"$24,300 "	65%	"$25,000 "	"$47,300 "
St Francis College	Brooklyn Heights	 NY	930	21	"$45,600 "	"$15,900 "	98%	"$24,400 "	"$49,300 "
University of Mississippi	Oxford	 MS	1120	26	"$25,400 "	"$15,800 "	85%	"$20,000 "	"$45,700 "
Creighton University	Omaha	 NE	1170	27	"$54,700 "	"$32,600 "	96%	"$25,300 "	"$50,000 "
Northwestern College	Orange City	 IA	1040	25	"$44,700 "	"$24,300 "	96%	"$25,100 "	"$42,200 "
The College of Saint Rose	Albany	 NY	NA	NA	"$48,400 "	"$25,000 "	81%	"$23,500 "	"$41,700 "
Walsh University	North Canton	 OH	1000	22	"$44,200 "	"$21,700 "	80%	"$27,800 "	"$44,900 "
Ohio Wesleyan University	Delaware	 OH	NA	NA	"$61,800 "	"$30,000 "	100%	"$27,000 "	"$47,800 "
University of Wisconsin-Stevens Point	Stevens Point	 WI	NA	23	"$19,400 "	"$13,500 "	74%	"$24,400 "	"$43,000 "
Saint Ambrose University	Davenport	 IA	NA	23	"$45,900 "	"$25,800 "	99%	"$25,800 "	"$44,500 "
University of Hawaii at Manoa	Honolulu	 HI	1080	23	"$30,200 "	"$14,500 "	94%	"$18,800 "	"$48,600 "
Northern State University	Aberdeen	 SD	960	21	"$21,800 "	"$15,400 "	83%	"$24,400 "	"$41,700 "
Mount St Mary's University	Emmitsburg	 MD	1050	22	"$57,400 "	"$32,700 "	99%	"$26,000 "	"$46,400 "
University of North Carolina Wilmington	Wilmington	 NC	1200	24	"$25,200 "	"$17,400 "	92%	"$20,500 "	"$43,400 "
Earlham College	Richmond	 IN	NA	NA	"$60,100 "	"$24,200 "	100%	"$26,000 "	"$46,000 "
Oberlin College	Oberlin	 OH	1350	31	"$73,000 "	"$45,200 "	99%	"$26,600 "	"$49,400 "
Whittier College	Whittier	 CA	1030	23	"$62,900 "	"$27,500 "	88%	"$25,500 "	"$47,000 "
University of North Carolina at Asheville	Asheville	 NC	1150	26	"$20,400 "	"$12,400 "	94%	"$20,600 "	"$40,900 "
University of North Texas	Denton	 TX	1090	24	"$24,500 "	"$11,200 "	68%	"$20,000 "	"$46,800 "
University of the Sciences	Philadelphia	 PA	1170	26	"$61,500 "	"$37,400 "	68%	"$27,000 "	"$54,000 "
Grace College and Theological Seminary	Winona Lake	 IN	1050	24	"$34,800 "	"$19,400 "	95%	"$21,500 "	"$41,100 "
Texas A & M University-Commerce	Commerce	 TX	980	21	"$22,200 "	"$9,700 "	90%	"$20,500 "	"$44,200 "
Salem State University	Salem	 MA	990	22	"$26,900 "	"$17,800 "	N/A	"$24,000 "	"$45,600 "
Carroll College	Helena	 MT	1110	25	"$49,700 "	"$27,300 "	99%	"$27,000 "	"$45,600 "
Nazareth College	Rochester	 NY	NA	NA	"$50,600 "	"$30,500 "	100%	"$26,500 "	"$41,400 "
St Bonaventure University	Saint Bonaventure	 NY	1050	24	"$48,500 "	"$25,100 "	100%	"$27,000 "	"$45,700 "
Robert Morris University Illinois	Chicago	 IL	NA	NA	"$46,400 "	"$22,800 "	91%	"$24,500 "	"$42,600 "
University of North Florida	Jacksonville	 FL	1130	24	"$21,700 "	"$14,500 "	64%	"$16,000 "	"$45,600 "
University of Kentucky	Lexington	 KY	1130	26	"$30,200 "	"$19,200 "	46%	"$22,800 "	"$48,400 "
Chapman University	Orange	 CA	1210	28	"$71,100 "	"$43,700 "	90%	"$20,900 "	"$49,200 "
The University of Tennessee-Knoxville	Knoxville	 TN	1150	27	"$31,700 "	"$22,300 "	88%	"$20,000 "	"$48,000 "
Pratt Institute-Main	Brooklyn	 NY	1170	27	"$66,900 "	"$47,500 "	50%	"$26,300 "	"$49,900 "
King's College	Wilkes-Barre	 PA	NA	NA	"$53,300 "	"$27,800 "	100%	"$27,000 "	"$44,100 "
Eastern Illinois University	Charleston	 IL	NA	21	"$24,200 "	"$15,900 "	75%	"$23,700 "	"$43,800 "
Hanover College	Hanover	 IN	1050	25	"$51,700 "	"$24,600 "	100%	"$27,000 "	"$44,800 "
Baldwin Wallace University	Berea	 OH	NA	NA	"$47,100 "	"$24,000 "	100%	"$27,000 "	"$44,500 "
Rhode Island School of Design	Providence	 RI	1210	27	"$69,200 "	"$42,300 "	91%	"$27,000 "	"$50,500 "
Shippensburg University of Pennsylvania	Shippensburg	 PA	970	21	"$28,900 "	"$19,700 "	74%	"$25,000 "	"$46,200 "
Alfred University	Alfred	 NY	1030	23	"$44,700 "	"$23,700 "	99%	"$27,000 "	"$48,600 "
University of Dallas	Irving	 TX	1170	27	"$56,200 "	"$27,100 "	98%	"$24,000 "	"$49,100 "
Judson University	Elgin	 IL	1070	22	"$43,800 "	"$26,500 "	34%	"$23,000 "	"$41,900 "
Westminster College - Utah	Salt Lake City	 UT	1110	25	"$48,900 "	"$26,400 "	99%	"$25,000 "	"$48,800 "
Bridgewater State University	Bridgewater	 MA	990	22	"$26,800 "	"$16,900 "	75%	"$24,600 "	"$44,700 "
Harding University	Searcy	 AR	1100	25	"$30,700 "	"$19,700 "	92%	"$27,000 "	"$46,100 "
University of Missouri-St Louis	Saint Louis	 MO	1010	24	"$25,300 "	"$9,400 "	82%	"$21,000 "	"$45,800 "
Goldey-Beacom College	Wilmington	 DE	NA	NA	"$39,600 "	"$16,900 "	N/A	"$23,700 "	"$47,700 "
Wilkes University	Wilkes-Barre	 PA	1010	23	"$55,300 "	"$26,900 "	98%	"$26,000 "	"$48,200 "
Benedictine College	Atchison	 KS	1060	25	"$44,700 "	"$26,600 "	100%	"$27,000 "	"$45,800 "
Marian University - Indiana	Indianapolis	 IN	1020	22	"$49,100 "	"$22,600 "	43%	"$27,000 "	"$47,600 "
Western Carolina University	Cullowhee	 NC	1020	23	"$22,000 "	"$14,700 "	91%	"$22,000 "	"$42,400 "
University of Central Missouri	Warrensburg	 MO	NA	23	"$20,000 "	"$14,600 "	62%	"$22,400 "	"$44,400 "
SUNY Buffalo State	Buffalo	 NY	880	20	"$25,800 "	"$12,900 "	90%	"$21,400 "	"$40,800 "
Robert Morris University	Moon Township	 PA	1040	24	"$47,400 "	"$26,300 "	98%	"$27,000 "	"$47,400 "
Geneva College	Beaver Falls	 PA	1070	25	"$39,000 "	"$21,700 "	100%	"$25,300 "	"$44,800 "
Coe College	Cedar Rapids	 IA	1150	25	"$56,600 "	"$23,500 "	100%	"$28,100 "	"$46,000 "
Reed College	Portland	 OR	1380	31	"$71,500 "	"$29,900 "	98%	"$16,000 "	"$51,100 "
Union University	Jackson	 TN	1160	27	"$53,000 "	"$27,700 "	59%	"$24,800 "	"$44,300 "
Dominican College of Blauvelt	Orangeburg	 NY	890	19	"$46,700 "	"$21,200 "	96%	"$26,000 "	"$47,800 "
The Master's University and Seminary	Santa Clarita	 CA	1080	25	"$48,900 "	"$28,600 "	97%	"$20,500 "	"$45,100 "
Cabrini University	Radnor	 PA	970	21	"$47,900 "	"$26,800 "	100%	"$26,800 "	"$46,000 "
George Fox University	Newberg	 OR	1080	24	"$50,100 "	"$30,000 "	100%	"$22,400 "	"$49,300 "
Southern Connecticut State University	New Haven	 CT	930	21	"$26,500 "	"$16,100 "	66%	"$23,300 "	"$46,600 "
Keiser University-Ft Lauderdale	Fort Lauderdale	 FL	NA	NA	"$32,200 "	"$28,300 "	N/A	"$25,800 "	"$42,500 "
Ashland University	Ashland	 OH	1060	23	"$34,800 "	"$22,100 "	91%	"$26,300 "	"$41,800 "
New College of Florida	Sarasota	 FL	1250	29	"$21,100 "	"$12,800 "	92%	"$14,900 "	"$43,700 "
University of North Carolina at Greensboro	Greensboro	 NC	1040	23	"$21,200 "	"$11,200 "	67%	"$22,700 "	"$41,900 "
SUNY at Purchase College	Purchase	 NY	1080	24	"$27,000 "	"$19,500 "	98%	"$22,500 "	"$45,500 "
North Carolina A & T State University	Greensboro	 NC	930	20	"$18,300 "	"$10,300 "	82%	"$29,000 "	"$49,300 "
Hood College	Frederick	 MD	NA	NA	"$56,200 "	"$25,600 "	100%	"$27,000 "	"$44,400 "
University of Michigan-Dearborn	Dearborn	 MI	NA	25	"$22,600 "	"$12,200 "	78%	"$25,800 "	"$52,400 "
North Park University	Chicago	 IL	1020	21	"$42,400 "	"$21,600 "	N/A	"$26,300 "	"$44,800 "
Centenary University	Hackettstown	 NJ	940	18	"$49,500 "	"$23,500 "	98%	"$25,500 "	"$42,600 "
Xavier University of Louisiana	New Orleans	 LA	1000	23	"$37,300 "	"$18,700 "	67%	"$26,500 "	"$44,700 "
Eastern Mennonite University	Harrisonburg	 VA	1030	24	"$50,800 "	"$25,200 "	99%	"$23,500 "	"$43,600 "
Gordon College	Wenham	 MA	1050	26	"$51,100 "	"$31,400 "	100%	"$27,000 "	"$44,700 "
The Evergreen State College	Olympia	 WA	1050	23	"$21,900 "	"$14,400 "	87%	"$17,600 "	"$44,500 "
The University of Montana-Western	Dillon	 MT	1060	19	"$18,900 "	"$11,600 "	66%	"$20,900 "	"$35,900 "
University of Louisville	Louisville	 KY	NA	26	"$27,100 "	"$17,400 "	90%	"$19,700 "	"$47,000 "
Notre Dame de Namur University	Belmont	 CA	910	20	"$55,700 "	"$31,000 "	100%	"$25,200 "	"$53,500 "
Emerson College	Boston	 MA	1230	28	"$66,900 "	"$42,200 "	88%	"$23,500 "	"$46,800 "
The College of Wooster	Wooster	 OH	1210	27	"$63,400 "	"$32,000 "	97%	"$26,000 "	"$45,800 "
California Institute of the Arts	Valencia	 CA	NA	NA	"$70,600 "	"$54,200 "	99%	"$28,500 "	"$48,200 "
William Jewell College	Liberty	 MO	1130	25	"$49,100 "	"$24,500 "	91%	"$25,000 "	"$48,200 "
Eastern Connecticut State University	Willimantic	 CT	NA	NA	"$27,700 "	"$18,300 "	70%	"$23,000 "	"$46,300 "
Wittenberg University	Springfield	 OH	NA	NA	"$53,300 "	"$27,200 "	97%	"$27,000 "	"$48,400 "
Plymouth State University	Plymouth	 NH	NA	NA	"$29,000 "	"$22,400 "	64%	"$27,000 "	"$43,500 "
Andrews University	Berrien Springs	 MI	1100	25	"$40,700 "	"$23,600 "	68%	"$27,000 "	"$44,400 "
Neumann University	Aston	 PA	890	18	"$47,100 "	"$24,300 "	83%	"$27,000 "	"$48,200 "
Missouri State University-Springfield	Springfield	 MO	1090	24	"$21,600 "	"$16,000 "	80%	"$22,500 "	"$43,000 "
Gallaudet University	Washington	 DC	890	17	"$38,100 "	"$14,600 "	98%	"$16,500 "	"$41,900 "
Hofstra University	Hempstead	 NY	1170	27	"$62,700 "	"$34,500 "	95%	"$23,500 "	"$53,000 "
Fisher College	Boston	 MA	NA	NA	"$52,700 "	"$28,200 "	85%	"$19,200 "	"$42,800 "
Mercer University	Macon	 GA	1200	27	"$52,500 "	"$22,200 "	99%	"$25,000 "	"$46,600 "
Central Michigan University	Mount Pleasant	 MI	1020	23	"$24,700 "	"$15,300 "	78%	"$27,000 "	"$45,000 "
Samford University	Birmingham	 AL	1130	26	"$47,600 "	"$31,700 "	95%	"$22,500 "	"$45,800 "
Northern Arizona University	Flagstaff	 AZ	NA	NA	"$27,600 "	"$15,800 "	69%	"$20,000 "	"$46,700 "
Everglades University	Boca Raton	 FL	NA	NA	"$27,100 "	"$26,800 "	N/A	"$40,900 "	"$44,800 "
Grand View University	Des Moines	 IA	960	21	"$39,900 "	"$20,700 "	90%	"$23,900 "	"$42,700 "
Ouachita Baptist University	Arkadelphia	 AR	1080	25	"$38,500 "	"$20,200 "	99%	"$22,500 "	"$42,600 "
Washington College	Chestertown	 MD	NA	NA	"$62,500 "	"$35,100 "	92%	"$24,300 "	"$49,900 "
Roger Williams University	Bristol	 RI	NA	NA	"$54,000 "	"$37,900 "	69%	"$27,000 "	"$50,000 "
The University of Alabama	Tuscaloosa	 AL	1110	27	"$30,100 "	"$21,600 "	75%	"$23,800 "	"$49,000 "
Tuskegee University	Tuskegee	 AL	1000	22	"$40,300 "	"$30,600 "	73%	"$32,100 "	"$50,700 "
Carroll University	Waukesha	 WI	1050	24	"$45,200 "	"$26,000 "	100%	"$27,000 "	"$43,300 "
Eureka College	Eureka	 IL	1020	22	"$37,600 "	"$19,800 "	100%	"$25,400 "	"$41,600 "
Western Michigan University	Kalamazoo	 MI	1010	22	"$25,700 "	"$16,600 "	70%	"$26,600 "	"$48,100 "
Virginia Commonwealth University	Richmond	 VA	1090	24	"$31,900 "	"$22,100 "	68%	"$23,300 "	"$47,000 "
Western Illinois University	Macomb	 IL	NA	21	"$26,500 "	"$17,700 "	68%	"$24,700 "	"$44,100 "
University of Cincinnati-Main Campus	Cincinnati	 OH	1160	26	"$28,800 "	"$21,500 "	42%	"$23,000 "	"$50,700 "
Cornell College	Mount Vernon	 IA	1120	26	"$57,300 "	"$30,000 "	100%	"$27,000 "	"$45,200 "
Vanguard University of Southern California	Costa Mesa	 CA	930	21	"$47,900 "	"$23,400 "	62%	"$25,000 "	"$45,200 "
St Thomas University	Miami Gardens	 FL	950	19	"$48,300 "	"$20,200 "	N/A	"$22,800 "	"$44,400 "
Milwaukee Institute of Art & Design	Milwaukee	 WI	NA	NA	"$49,100 "	"$26,800 "	99%	"$27,000 "	"$42,100 "
Kutztown University of Pennsylvania	Kutztown	 PA	980	20	"$27,700 "	"$20,800 "	62%	"$26,100 "	"$42,600 "
SUNY College of Agriculture and Technology at Cobleskill	Cobleskill	 NY	1010	22	"$25,400 "	"$15,900 "	80%	"$17,400 "	"$39,300 "
Millersville University of Pennsylvania	Millersville	 PA	1030	22	"$29,600 "	"$20,000 "	71%	"$25,500 "	"$45,000 "
University of the Incarnate Word	San Antonio	 TX	900	19	"$47,900 "	"$23,000 "	100%	"$27,200 "	"$44,200 "
Howard University	Washington	 DC	1140	25	"$44,200 "	"$24,400 "	63%	"$27,000 "	"$52,200 "
University of South Carolina-Upstate	Spartanburg	 SC	950	21	"$25,500 "	"$15,500 "	67%	"$22,500 "	"$43,500 "
East Stroudsburg University of Pennsylvania	East Stroudsburg	 PA	940	22	"$23,500 "	"$17,600 "	67%	"$25,000 "	"$42,700 "
Rockford University	Rockford	 IL	1080	22	"$44,200 "	"$25,000 "	99%	"$25,000 "	"$44,200 "
College for Creative Studies	Detroit	 MI	NA	23	"$59,200 "	"$37,900 "	N/A	"$27,000 "	"$48,200 "
University of Alabama at Birmingham	Birmingham	 AL	1140	25	"$26,700 "	"$17,300 "	89%	"$21,500 "	"$46,000 "
Massachusetts College of Liberal Arts	North Adams	 MA	1010	23	"$25,200 "	"$16,100 "	84%	"$24,700 "	"$41,400 "
Bridgewater College	Bridgewater	 VA	1010	23	"$50,900 "	"$21,700 "	100%	"$27,000 "	"$41,800 "
La Roche College	Pittsburgh	 PA	920	20	"$43,600 "	"$24,100 "	80%	"$26,000 "	"$41,700 "
Millsaps College	Jackson	 MS	1140	26	"$56,600 "	"$24,500 "	100%	"$27,000 "	"$47,100 "
Abilene Christian University	Abilene	 TX	1050	24	"$49,500 "	"$28,900 "	99%	"$25,300 "	"$46,400 "
Hampden-Sydney College	Hampden-Sydney	 VA	1120	25	"$61,800 "	"$35,700 "	100%	"$27,000 "	"$54,800 "
California Baptist University	Riverside	 CA	980	22	"$47,100 "	"$27,800 "	75%	"$27,000 "	"$43,300 "
Mercy College	Dobbs Ferry	 NY	NA	NA	"$38,200 "	"$17,200 "	87%	"$23,700 "	"$44,300 "
Alma College	Alma	 MI	1030	24	"$53,700 "	"$23,100 "	99%	"$27,000 "	"$45,700 "
Southern Wesleyan University	Central	 SC	NA	NA	"$37,700 "	"$16,000 "	100%	"$27,000 "	"$41,600 "
California University of Pennsylvania	California	 PA	920	19	"$27,000 "	"$19,100 "	83%	"$25,000 "	"$41,700 "
Hendrix College	Conway	 AR	1230	29	"$61,500 "	"$24,500 "	100%	"$27,000 "	"$45,800 "
Cleveland Institute of Art	Cleveland	 OH	1120	23	"$58,600 "	"$32,900 "	100%	"$29,000 "	"$44,000 "
Springfield College	Springfield	 MA	1010	26	"$54,000 "	"$30,500 "	100%	"$24,500 "	"$42,300 "
Hampton University	Hampton	 VA	950	22	"$41,500 "	"$26,200 "	95%	"$27,000 "	"$49,500 "
Caldwell University	Caldwell	 NJ	960	21	"$51,400 "	"$20,400 "	98%	"$25,800 "	"$44,300 "
Claflin University	Orangeburg	 SC	890	19	"$33,400 "	"$18,500 "	95%	"$32,200 "	"$35,100 "
La Sierra University	Riverside	 CA	910	19	"$46,500 "	"$25,100 "	100%	"$30,000 "	"$46,200 "
Old Dominion University	Norfolk	 VA	1010	22	"$26,200 "	"$16,300 "	76%	"$23,500 "	"$47,200 "
Georgia State University	Atlanta	 GA	1070	23	"$26,600 "	"$15,600 "	73%	"$23,700 "	"$47,300 "
Georgia College and State University	Milledgeville	 GA	1130	24	"$28,800 "	"$21,200 "	40%	"$22,000 "	"$43,300 "
Minneapolis College of Art and Design	Minneapolis	 MN	1070	23	"$50,900 "	"$29,200 "	99%	"$25,800 "	"$43,300 "
Whitworth University	Spokane	 WA	1130	26	"$59,200 "	"$29,900 "	99%	"$26,000 "	"$46,800 "
Columbus College of Art and Design	Columbus	 OH	NA	NA	"$50,300 "	"$25,200 "	99%	"$27,000 "	"$42,000 "
Goucher College	Baltimore	 MD	NA	NA	"$61,200 "	"$34,500 "	100%	"$26,000 "	"$47,100 "
Siena Heights University	Adrian	 MI	NA	NA	"$39,800 "	"$18,800 "	N/A	"$17,700 "	"$42,500 "
Berry College	Mount Berry	 GA	1150	27	"$51,800 "	"$26,600 "	100%	"$23,000 "	"$42,000 "
College of Charleston	Charleston	 SC	1100	25	"$30,400 "	"$20,300 "	67%	"$21,500 "	"$44,100 "
SUNY College at Potsdam	Potsdam	 NY	NA	NA	"$24,700 "	"$15,300 "	83%	"$25,000 "	"$40,600 "
California College of the Arts	San Francisco	 CA	NA	NA	"$66,500 "	"$41,100 "	100%	"$28,000 "	"$52,500 "
Spring Arbor University	Spring Arbor	 MI	1020	22	"$40,900 "	"$19,800 "	99%	"$24,000 "	"$39,800 "
Brenau University	Gainesville	 GA	950	22	"$46,000 "	"$21,100 "	98%	"$27,000 "	"$42,600 "
Chaminade University of Honolulu	Honolulu	 HI	970	21	"$42,500 "	"$20,000 "	93%	"$22,500 "	"$43,200 "
Cumberland University	Lebanon	 TN	930	21	"$37,100 "	"$22,300 "	47%	"$21,700 "	"$43,200 "
Alverno College	Milwaukee	 WI	NA	NA	"$41,400 "	"$20,300 "	99%	"$31,700 "	"$44,200 "
Carthage College	Kenosha	 WI	1030	24	"$58,600 "	"$29,600 "	100%	"$27,000 "	"$46,200 "
Bennington College	Bennington	 VT	NA	NA	"$72,500 "	"$39,800 "	99%	"$26,000 "	"$45,800 "
Maryland Institute College of Art	Baltimore	 MD	1160	25	"$64,400 "	"$45,000 "	N/A	"$27,000 "	"$45,300 "
Westminster College - Missouri	Fulton	 MO	1020	24	"$41,500 "	"$22,100 "	100%	"$26,400 "	"$47,200 "
Western Kentucky University	Bowling Green	 KY	980	23	"$22,000 "	"$12,300 "	63%	"$24,300 "	"$43,100 "
SUNY College of Technology at Delhi	Delhi	 NY	NA	NA	"$24,800 "	"$15,000 "	N/A	"$15,300 "	"$41,300 "
Mansfield University of Pennsylvania	Mansfield	 PA	960	21	"$29,400 "	"$18,300 "	69%	"$27,000 "	"$41,800 "
Spalding University	Louisville	 KY	990	21	"$37,700 "	"$22,400 "	N/A	"$25,000 "	"$44,000 "
Thomas College	Waterville	 ME	NA	NA	"$40,700 "	"$22,100 "	99%	"$27,000 "	"$44,200 "
Asbury University	Wilmore	 KY	1120	25	"$41,500 "	"$25,500 "	69%	"$25,900 "	"$37,400 "
Mercyhurst University	Erie	 PA	NA	NA	"$53,000 "	"$23,200 "	100%	"$26,700 "	"$42,200 "
Stetson University	DeLand	 FL	NA	NA	"$62,800 "	"$27,100 "	99%	"$27,000 "	"$44,100 "
Rollins College	Winter Park	 FL	NA	NA	"$69,400 "	"$38,400 "	100%	"$26,000 "	"$45,700 "
Florida Agricultural and Mechanical University	Tallahassee	 FL	990	22	"$23,400 "	"$14,100 "	86%	"$28,500 "	"$45,900 "
Ringling College of Art and Design	Sarasota	 FL	NA	NA	"$67,100 "	"$47,700 "	100%	"$27,000 "	"$45,000 "
Georgia Southern University	Statesboro	 GA	1110	24	"$23,400 "	"$17,300 "	82%	"$23,000 "	"$46,300 "
Eastern University	Saint Davids	 PA	1040	21	"$49,400 "	"$24,600 "	85%	"$26,500 "	"$42,700 "
Morehouse College	Atlanta	 GA	980	22	"$49,900 "	"$33,700 "	83%	"$27,000 "	"$52,100 "
Champlain College	Burlington	 VT	1130	25	"$59,400 "	"$41,200 "	96%	"$26,600 "	"$48,800 "
Roanoke College	Salem	 VA	1090	24	"$60,800 "	"$32,200 "	98%	"$27,000 "	"$45,200 "
Bluffton University	Bluffton	 OH	NA	22	"$47,300 "	"$27,000 "	99%	"$27,000 "	"$39,200 "
Davenport University	Grand Rapids	 MI	NA	NA	"$31,400 "	"$18,000 "	N/A	"$26,800 "	"$43,700 "
Belmont University	Nashville	 TN	1150	27	"$52,000 "	"$37,200 "	88%	"$21,800 "	"$44,000 "
Bowling Green State University-Main Campus	Bowling Green	 OH	1030	22	"$25,200 "	"$18,600 "	82%	"$26,000 "	"$44,500 "
Johnson & Wales University-Providence	Providence	 RI	NA	NA	"$50,400 "	"$30,300 "	86%	"$26,900 "	"$44,500 "
Mills College	Oakland	 CA	1080	26	"$65,300 "	"$29,700 "	92%	"$23,500 "	"$47,300 "
Ohio University-Main Campus	Athens	 OH	1100	24	"$27,900 "	"$23,500 "	77%	"$20,500 "	"$48,300 "
Indiana University of Pennsylvania-Main Campus	Indiana	 PA	950	20	"$28,000 "	"$18,500 "	67%	"$27,000 "	"$44,200 "
Winthrop University	Rock Hill	 SC	1020	23	"$28,900 "	"$17,900 "	91%	"$27,000 "	"$41,600 "
North Carolina Central University	Durham	 NC	880	18	"$22,700 "	"$11,600 "	83%	"$31,000 "	"$41,600 "
Edinboro University of Pennsylvania	Edinboro	 PA	950	20	"$26,000 "	"$15,400 "	93%	"$27,000 "	"$40,200 "
Point Park University	Pittsburgh	 PA	1000	23	"$45,800 "	"$23,900 "	99%	"$27,000 "	"$42,500 "
Kansas City Art Institute	Kansas City	 MO	1090	23	"$55,800 "	"$31,100 "	100%	"$27,000 "	"$41,600 "
Guilford College	Greensboro	 NC	NA	NA	"$52,000 "	"$28,600 "	86%	"$26,600 "	"$40,800 "
Upper Iowa University	Fayette	 IA	870	21	"$45,300 "	"$25,100 "	85%	"$24,000 "	"$43,100 "
Virginia State University	Petersburg	 VA	820	17	"$23,100 "	"$16,400 "	80%	"$29,500 "	"$42,600 "
Tiffin University	Tiffin	 OH	NA	NA	"$38,700 "	"$22,500 "	97%	"$26,100 "	"$42,600 "
Birmingham Southern College	Birmingham	 AL	1090	26	"$53,700 "	"$26,400 "	68%	"$26,900 "	"$45,600 "
Olivet College	Olivet	 MI	1030	21	"$40,900 "	"$22,500 "	93%	"$27,000 "	"$43,300 "
Eckerd College	Saint Petersburg	 FL	1110	25	"$60,600 "	"$36,000 "	99%	"$27,000 "	"$45,300 "
Wilmington College	Wilmington	 OH	920	21	"$39,400 "	"$25,000 "	96%	"$27,000 "	"$41,500 "
School of the Art Institute of Chicago	Chicago	 IL	1130	25	"$68,900 "	"$46,700 "	99%	"$25,700 "	"$44,700 "
Marywood University	Scranton	 PA	1030	NA	"$51,500 "	"$25,300 "	100%	"$27,000 "	"$41,000 "
Southwestern Assemblies of God University	Waxahachie	 TX	920	22	"$35,300 "	"$27,300 "	92%	"$26,300 "	"$38,000 "
Liberty University	Lynchburg	 VA	1070	25	"$39,300 "	"$26,600 "	99%	"$24,200 "	"$41,300 "
Savannah College of Art and Design	Savannah	 GA	1070	24	"$57,700 "	"$43,900 "	96%	"$27,000 "	"$43,600 "
Lincoln University	Lincoln University	 PA	840	17	"$28,000 "	"$18,800 "	99%	"$31,500 "	"$47,300 "
Medaille College	Buffalo	 NY	890	21	"$45,000 "	"$15,300 "	97%	"$25,000 "	"$38,600 "
Southern New Hampshire University	Manchester	 NH	NA	NA	"$51,600 "	"$37,600 "	59%	"$18,800 "	"$45,600 "
Bard College	Annandale-On-Hudson	 NY	NA	NA	"$72,300 "	"$31,500 "	98%	"$26,200 "	"$48,500 "
Kent State University at Kent	Kent	 OH	1060	23	"$26,100 "	"$19,500 "	54%	"$25,800 "	"$43,400 "
High Point University	High Point	 NC	1100	24	"$52,300 "	"$41,100 "	69%	"$22,400 "	"$45,100 "
Cornerstone University	Grand Rapids	 MI	1000	22	"$41,500 "	"$21,400 "	100%	"$25,000 "	"$40,500 "
Glenville State College	Glenville	 WV	850	19	"$23,700 "	"$12,900 "	87%	"$24,000 "	"$39,700 "
Delaware State University	Dover	 DE	900	19	"$24,000 "	"$13,100 "	70%	"$28,500 "	"$43,400 "
Hampshire College	Amherst	 MA	NA	NA	"$68,700 "	"$36,700 "	97%	"$23,500 "	"$45,800 "
Berklee College of Music	Boston	 MA	NA	NA	"$65,100 "	"$44,300 "	35%	"$25,300 "	"$44,700 "
Johnson C Smith University	Charlotte	 NC	830	17	"$32,900 "	"$20,400 "	95%	"$32,100 "	"$43,300 "
Tougaloo College	Tougaloo	 MS	1020	20	"$23,400 "	"$13,400 "	N/A	"$35,000 "	"$37,100 "
Philander Smith College	Little Rock	 AR	NA	NA	"$26,000 "	"$17,200 "	94%	"$31,000 "	"$34,700 "
